txn_id,chargeback_count,chargeback_amount,open_chargebacks,critical_chargebacks,max_chargeback_severity
TXN,81,172430.44,34,4,CRITICAL
TXN00000007,1,2231.72,1,0,HIGH
TXN00000019,1,377.11,1,0,HIGH
TXN00000021,2,2568.1,0,0,LOW
TXN00000025,1,1302.18,0,0,LOW
TXN00000040,1,,0,0,LOW
TXN00000045,1,1101.8,0,0,MEDIUM
TXN00000062,1,330.73,0,0,LOW
TXN00000069,1,985.19,1,1,CRITICAL
TXN00000071,1,3311.22,1,0,MEDIUM
TXN00000074,1,,0,0,MEDIUM
TXN00000084,1,958.61,0,0,LOW
TXN00000086,1,411.83,0,0,HIGH
TXN00000101,1,703.07,0,1,CRITICAL
TXN00000106,1,7755.19,1,1,CRITICAL
TXN00000123,1,4808.45,1,0,HIGH
TXN00000132,2,1097.18,2,0,MEDIUM
TXN00000143,1,449.0,1,0,MEDIUM
TXN00000154,1,2025.66,0,0,LOW
TXN00000155,1,1535.06,1,0,MEDIUM
TXN00000164,1,3086.0,1,1,CRITICAL
TXN00000166,1,913.38,0,0,HIGH
TXN00000175,1,1092.58,0,0,HIGH
TXN00000182,1,17413.88,0,0,HIGH
TXN00000213,1,658.27,0,0,MEDIUM
TXN00000225,1,666.0,0,0,HIGH
TXN00000238,1,2745.21,1,0,MEDIUM
TXN00000248,1,1984.03,0,0,LOW
TXN00000255,1,2178.8,1,0,MEDIUM
TXN00000271,1,16937.48,1,0,MEDIUM
TXN00000272,1,9250.0,1,0,MEDIUM
TXN00000281,1,,0,0,HIGH
TXN00000284,1,2676.58,0,0,MEDIUM
TXN00000295,1,731.69,1,0,LOW
TXN00000296,1,512.0,0,0,HIGH
TXN00000311,1,2784.85,0,0,HIGH
TXN00000312,1,,1,0,MEDIUM
TXN00000318,1,,1,0,LOW
TXN00000319,1,2189.0,1,0,MEDIUM
TXN00000389,1,2566.03,0,0,HIGH
TXN00000405,1,3060.38,1,0,LOW
TXN00000406,1,2066.08,1,0,HIGH
TXN00000410,1,388.0,1,0,HIGH
TXN00000414,2,1612.58,0,0,LOW
TXN00000426,1,,0,0,MEDIUM
TXN00000433,1,979.0,1,0,LOW
TXN00000437,1,3962.0,1,0,LOW
TXN00000442,1,3270.0,0,0,LOW
TXN00000459,1,8278.26,1,0,HIGH
TXN00000462,1,9759.54,1,0,LOW
TXN00000463,1,,0,0,HIGH
TXN00000490,1,3134.07,0,0,LOW
TXN00000491,1,929.69,1,0,MEDIUM
TXN00000503,1,325.93,1,0,HIGH
TXN00000527,1,3784.42,1,0,LOW
TXN00000533,1,6055.78,1,0,MEDIUM
TXN00000534,1,1352.13,1,0,LOW
TXN00000541,1,1346.0,0,0,LOW
TXN00000546,2,427.33,1,0,MEDIUM
TXN00000567,1,1015.09,1,0,LOW
TXN00000594,1,2315.48,1,0,MEDIUM
TXN00000649,1,1174.17,1,0,MEDIUM
TXN00000653,1,4308.0,1,0,LOW
TXN00000675,1,3743.54,1,0,LOW
TXN00000677,1,2773.41,0,0,LOW
TXN00000679,1,4474.08,1,0,HIGH
TXN00000680,1,589.63,1,0,HIGH
TXN00000711,1,,0,0,HIGH
TXN00000724,1,454.0,0,0,HIGH
TXN00000736,1,,1,0,LOW
TXN00000751,1,3107.33,1,0,MEDIUM
TXN00000762,1,1083.4,0,0,HIGH
TXN00000769,1,509.24,1,0,MEDIUM
TXN00000779,1,4511.29,1,0,MEDIUM
TXN00000789,1,7945.0,1,0,HIGH
TXN00000794,2,6166.88,2,0,HIGH
TXN00000797,1,1020.66,0,0,LOW
TXN00000803,1,1719.0,1,0,MEDIUM
TXN00000806,1,3611.11,0,0,LOW
TXN00000818,1,1592.73,0,0,LOW
TXN00000822,1,966.31,1,0,LOW
TXN00000823,2,6401.09,1,0,MEDIUM
TXN00000835,1,,0,0,LOW
TXN00000841,1,2083.96,0,0,LOW
TXN00000843,2,947.54,1,0,LOW
TXN00000850,1,1203.18,1,0,MEDIUM
TXN00000863,1,2164.0,1,0,HIGH
TXN00000871,1,589.34,0,1,CRITICAL
TXN00000877,1,1251.7,0,0,LOW
TXN00000914,1,1207.28,1,0,HIGH
TXN00000916,1,577.0,1,0,HIGH
TXN00000917,1,2601.86,1,0,LOW
TXN00000921,1,1585.45,0,0,LOW
TXN00000926,1,486.0,1,0,MEDIUM
TXN00000939,1,3776.84,1,0,MEDIUM
TXN00000941,1,6049.12,0,0,LOW
TXN00000947,1,2075.0,0,0,MEDIUM
TXN00000950,1,1749.52,0,0,LOW
TXN00000954,1,12462.99,0,0,MEDIUM
TXN00000959,1,982.69,1,0,LOW
TXN00000964,2,5523.1,0,0,LOW
TXN00000967,1,1780.33,1,1,CRITICAL
TXN00000969,1,6622.0,1,0,MEDIUM
TXN00000976,1,1181.91,0,0,MEDIUM
TXN00000995,1,,1,0,MEDIUM
TXN00001025,1,5150.06,0,0,MEDIUM
TXN00001026,1,2910.7,1,0,MEDIUM
TXN00001028,1,,1,0,MEDIUM
TXN00001041,1,1977.08,1,0,LOW
TXN00001042,1,1526.17,1,0,HIGH
TXN00001047,1,518.0,0,0,LOW
TXN00001071,1,2117.2,0,0,MEDIUM
TXN00001072,1,893.6,1,0,MEDIUM
TXN00001095,1,1383.39,0,0,MEDIUM
TXN00001097,1,4816.91,0,0,MEDIUM
TXN00001105,1,310.15,1,0,LOW
TXN00001110,1,,1,0,HIGH
TXN00001120,1,8008.29,0,0,LOW
TXN00001121,1,993.0,0,0,MEDIUM
TXN00001134,2,3762.7,2,0,HIGH
TXN00001135,1,2731.02,0,0,HIGH
TXN00001152,1,1038.46,0,0,MEDIUM
TXN00001154,1,336.21,1,0,MEDIUM
TXN00001155,1,335.78,1,0,MEDIUM
TXN00001158,1,461.85,0,0,LOW
TXN00001160,1,2273.54,1,0,LOW
TXN00001169,2,16524.78,1,0,MEDIUM
TXN00001173,1,,0,0,MEDIUM
TXN00001182,1,261.51,1,0,MEDIUM
TXN00001198,1,3605.24,0,0,HIGH
TXN00001207,1,5779.34,0,0,MEDIUM
TXN00001209,1,2704.46,1,0,MEDIUM
TXN00001215,1,5146.97,0,0,MEDIUM
TXN00001222,2,10359.87,1,0,MEDIUM
TXN00001244,2,2127.67,1,0,MEDIUM
TXN00001246,1,702.0,0,0,HIGH
TXN00001251,1,802.62,0,0,HIGH
TXN00001256,1,,0,0,HIGH
TXN00001257,1,2576.33,0,0,LOW
TXN00001261,1,1010.81,0,0,LOW
TXN00001271,1,1190.0,1,0,HIGH
TXN00001275,1,2210.2,0,0,LOW
TXN00001284,1,141.27,0,0,MEDIUM
TXN00001285,1,420.0,1,0,LOW
TXN00001289,1,201.03,1,1,CRITICAL
TXN00001291,1,1404.87,1,0,HIGH
TXN00001292,1,33975.77,1,0,LOW
TXN00001309,1,,1,0,HIGH
TXN00001310,1,2026.3,1,0,LOW
TXN00001323,1,7329.0,0,0,LOW
TXN00001334,1,6666.14,1,0,MEDIUM
TXN00001342,1,2534.0,1,0,HIGH
TXN00001358,1,6742.91,1,1,CRITICAL
TXN00001371,1,1844.6,0,0,LOW
TXN00001376,2,2522.3,0,0,MEDIUM
TXN00001381,1,1001.43,1,0,LOW
TXN00001388,1,,0,0,HIGH
TXN00001391,1,1852.28,1,0,LOW
TXN00001392,1,508.21,1,0,MEDIUM
TXN00001397,1,2972.0,1,0,HIGH
TXN00001405,1,2105.51,0,0,MEDIUM
TXN00001412,1,2142.0,1,0,HIGH
TXN00001422,1,2080.17,0,0,LOW
TXN00001423,1,6009.85,1,0,MEDIUM
TXN00001434,1,3251.08,0,0,HIGH
TXN00001443,2,2236.39,2,0,MEDIUM
TXN00001461,1,740.03,1,0,MEDIUM
TXN00001464,1,1112.83,0,0,MEDIUM
TXN00001489,1,6345.72,0,0,HIGH
TXN00001496,1,5669.05,0,0,LOW
TXN00001501,1,1157.85,1,0,HIGH
TXN00001518,1,9039.58,1,0,HIGH
TXN00001539,1,2117.07,1,0,MEDIUM
TXN00001553,1,5796.41,1,1,CRITICAL
TXN00001568,2,16468.34,1,0,MEDIUM
TXN00001580,1,19958.58,1,1,CRITICAL
TXN00001582,1,6740.29,0,0,MEDIUM
TXN00001593,1,759.56,1,0,HIGH
TXN00001597,1,13348.89,1,1,CRITICAL
TXN00001614,1,13495.0,1,0,LOW
TXN00001617,2,18876.03,1,0,HIGH
TXN00001620,3,2648.76,0,0,HIGH
TXN00001628,2,,2,0,MEDIUM
TXN00001631,1,1405.08,0,0,LOW
TXN00001653,1,4022.0,1,0,MEDIUM
TXN00001654,1,11920.81,1,0,LOW
TXN00001655,1,2589.0,0,1,CRITICAL
TXN00001663,1,2379.68,0,0,LOW
TXN00001671,1,2605.0,1,0,HIGH
TXN00001675,1,994.02,1,0,MEDIUM
TXN00001679,2,3976.0,1,0,MEDIUM
TXN00001691,1,875.81,1,0,MEDIUM
TXN00001699,1,1995.0,0,0,LOW
TXN00001703,2,4166.45,1,0,MEDIUM
TXN00001705,1,2583.16,1,0,LOW
TXN00001710,1,,0,0,MEDIUM
TXN00001735,1,,0,0,MEDIUM
TXN00001739,1,482.37,1,0,LOW
TXN00001742,1,1286.87,1,0,LOW
TXN00001758,1,1416.0,1,0,LOW
TXN00001777,1,6040.0,0,0,MEDIUM
TXN00001778,1,2008.0,0,0,LOW
TXN00001780,1,2351.6,1,0,HIGH
TXN00001789,1,3163.91,0,0,LOW
TXN00001796,1,,0,0,LOW
TXN00001801,2,7245.79,2,0,LOW
TXN00001805,1,692.55,0,0,MEDIUM
TXN00001807,1,,1,0,LOW
TXN00001810,1,6930.0,0,0,LOW
TXN00001816,2,7008.2699999999995,1,0,HIGH
TXN00001821,1,12679.09,0,0,MEDIUM
TXN00001826,1,895.55,1,0,MEDIUM
TXN00001829,1,3042.0,1,0,HIGH
TXN00001838,1,422.0,0,0,LOW
TXN00001839,2,2143.84,0,0,MEDIUM
TXN00001860,1,,1,0,LOW
TXN00001878,1,3834.0,1,0,HIGH
TXN00001882,1,2264.22,0,0,MEDIUM
TXN00001893,1,1059.97,0,0,LOW
TXN00001898,1,638.96,0,0,MEDIUM
TXN00001903,1,2512.35,0,1,CRITICAL
TXN00001919,1,1859.77,0,0,LOW
TXN00001929,1,1412.21,1,0,LOW
TXN00001948,2,12232.05,0,0,LOW
TXN00001962,1,,0,0,MEDIUM
TXN00001975,3,4591.32,1,0,HIGH
TXN00001983,1,1315.22,0,0,HIGH
TXN00002006,1,637.05,1,0,MEDIUM
TXN00002013,1,439.0,0,0,MEDIUM
TXN00002015,1,2615.98,1,1,CRITICAL
TXN00002022,1,7834.45,0,0,HIGH
TXN00002045,2,6288.54,2,0,MEDIUM
TXN00002053,1,2130.67,1,0,MEDIUM
TXN00002058,1,,0,0,LOW
TXN00002078,1,6907.46,0,0,LOW
TXN00002091,1,497.48,0,0,HIGH
TXN00002106,1,,1,0,MEDIUM
TXN00002107,1,6251.19,0,0,HIGH
TXN00002114,1,4126.61,0,0,LOW
TXN00002125,1,2711.0,0,0,LOW
TXN00002139,1,,1,0,LOW
TXN00002141,2,7027.39,1,0,HIGH
TXN00002142,1,13132.36,0,0,HIGH
TXN00002147,1,1064.06,0,0,HIGH
TXN00002165,1,1048.77,0,0,MEDIUM
TXN00002169,1,,1,0,LOW
TXN00002173,1,856.42,1,0,LOW
TXN00002182,1,,0,0,LOW
TXN00002184,1,3019.75,0,0,MEDIUM
TXN00002195,1,4960.35,0,0,LOW
TXN00002200,1,3741.98,1,0,LOW
TXN00002204,1,455.59,1,0,HIGH
TXN00002207,1,,1,0,HIGH
TXN00002216,1,5160.27,0,0,LOW
TXN00002219,2,6254.38,2,0,HIGH
TXN00002228,1,378.3,1,0,HIGH
TXN00002240,1,401.02,0,0,MEDIUM
TXN00002263,1,9476.14,1,0,MEDIUM
TXN00002289,1,397.0,0,0,LOW
TXN00002301,1,769.17,1,0,LOW
TXN00002303,1,1712.22,1,0,LOW
TXN00002314,2,1230.65,1,0,HIGH
TXN00002316,1,20754.36,1,0,HIGH
TXN00002320,1,911.59,1,0,MEDIUM
TXN00002325,1,800.32,1,0,HIGH
TXN00002337,1,,0,1,CRITICAL
TXN00002347,1,1200.09,0,0,MEDIUM
TXN00002368,1,4581.54,1,0,LOW
TXN00002369,1,1718.0,1,0,LOW
TXN00002371,1,,0,0,MEDIUM
TXN00002374,1,1428.93,0,0,HIGH
TXN00002381,1,3182.0,1,0,MEDIUM
TXN00002382,1,44046.77,0,0,LOW
TXN00002386,1,4215.68,1,0,LOW
TXN00002417,1,3188.13,0,0,MEDIUM
TXN00002422,1,412.17,0,0,MEDIUM
TXN00002429,1,389.54,1,0,MEDIUM
TXN00002437,1,1368.83,1,0,HIGH
TXN00002450,1,896.7,1,0,MEDIUM
TXN00002451,1,,0,0,MEDIUM
TXN00002456,1,1805.23,1,0,LOW
TXN00002461,1,,0,0,LOW
TXN00002462,1,2723.0,0,0,HIGH
TXN00002466,1,3099.92,0,1,CRITICAL
TXN00002471,1,2207.71,0,0,HIGH
TXN00002480,1,5722.09,0,0,HIGH
TXN00002490,1,1170.0,0,0,LOW
TXN00002521,1,4940.0,0,0,HIGH
TXN00002522,1,877.59,0,0,MEDIUM
TXN00002531,1,1017.5,1,0,MEDIUM
TXN00002544,1,,0,0,LOW
TXN00002545,1,,1,0,MEDIUM
TXN00002546,1,6642.41,0,0,LOW
TXN00002574,1,660.0,1,0,LOW
TXN00002581,1,2926.63,1,0,HIGH
TXN00002595,1,,1,0,HIGH
TXN00002603,1,2150.04,1,0,MEDIUM
TXN00002609,1,3155.0,1,0,MEDIUM
TXN00002610,1,784.51,0,0,MEDIUM
TXN00002624,1,1274.21,0,0,MEDIUM
TXN00002630,1,,1,0,LOW
TXN00002655,1,338.23,1,0,MEDIUM
TXN00002668,1,551.59,0,0,HIGH
TXN00002672,1,4547.87,1,0,LOW
TXN00002674,1,1722.0,0,0,MEDIUM
TXN00002677,1,,1,0,MEDIUM
TXN00002679,1,1214.71,0,0,LOW
TXN00002689,1,2158.72,1,0,HIGH
TXN00002699,1,422.45,0,0,HIGH
TXN00002710,1,2072.0,0,0,LOW
TXN00002711,1,3969.0,0,0,LOW
TXN00002715,1,,0,0,HIGH
TXN00002716,2,17650.32,0,0,MEDIUM
TXN00002719,1,2881.81,0,0,LOW
TXN00002729,1,1526.62,1,0,LOW
TXN00002744,1,840.07,1,1,CRITICAL
TXN00002760,1,1345.79,0,0,LOW
TXN00002766,1,216.49,1,0,MEDIUM
TXN00002770,2,1004.64,2,0,MEDIUM
TXN00002775,3,15467.16,3,0,HIGH
TXN00002782,2,4480.1900000000005,1,0,HIGH
TXN00002783,1,447.3,0,0,MEDIUM
TXN00002790,1,870.0,0,0,MEDIUM
TXN00002791,1,15201.89,1,1,CRITICAL
TXN00002800,1,9291.46,0,0,LOW
TXN00002805,1,1623.96,0,0,MEDIUM
TXN00002808,1,604.93,1,0,MEDIUM
TXN00002821,1,4707.47,0,0,LOW
TXN00002822,2,,2,0,HIGH
TXN00002832,1,8214.17,0,0,MEDIUM
TXN00002853,1,1650.21,1,0,MEDIUM
TXN00002857,1,920.19,1,0,HIGH
TXN00002867,1,4361.29,1,0,LOW
TXN00002868,1,,1,0,HIGH
TXN00002874,1,634.21,0,0,LOW
TXN00002883,1,,1,1,CRITICAL
TXN00002894,1,,1,0,MEDIUM
TXN00002901,1,668.0,1,0,MEDIUM
TXN00002909,1,450.33,0,0,LOW
TXN00002919,1,4331.37,1,0,HIGH
TXN00002926,3,7854.99,1,1,CRITICAL
TXN00002930,1,1968.12,1,0,LOW
TXN00002933,1,1870.77,0,0,MEDIUM
TXN00002935,1,318.65,0,0,LOW
TXN00002955,1,4857.63,0,0,LOW
TXN00002981,1,7275.81,0,0,HIGH
TXN00003017,1,707.43,0,0,LOW
TXN00003020,1,2521.22,0,0,LOW
TXN00003032,1,988.93,0,0,HIGH
TXN00003041,1,4136.0,0,0,MEDIUM
TXN00003059,1,3807.73,0,0,HIGH
TXN00003072,1,3800.57,1,0,LOW
TXN00003075,1,2267.96,1,0,LOW
TXN00003076,1,342.0,1,0,MEDIUM
TXN00003088,1,1019.25,1,0,MEDIUM
TXN00003103,1,7765.0,0,0,LOW
TXN00003105,1,775.96,1,0,MEDIUM
TXN00003111,1,1858.78,0,0,LOW
TXN00003112,1,4974.0,0,0,MEDIUM
TXN00003119,1,1198.29,0,0,LOW
TXN00003133,1,3287.47,1,0,MEDIUM
TXN00003156,1,1072.99,0,0,MEDIUM
TXN00003160,2,12828.71,1,1,CRITICAL
TXN00003165,1,2714.54,0,0,MEDIUM
TXN00003168,1,2132.64,1,0,MEDIUM
TXN00003172,1,,1,0,LOW
TXN00003173,1,3014.0,0,0,LOW
TXN00003193,1,2273.34,0,1,CRITICAL
TXN00003201,1,993.95,0,0,LOW
TXN00003213,1,1246.38,1,0,HIGH
TXN00003221,1,574.0,0,0,MEDIUM
TXN00003229,1,12194.3,1,0,MEDIUM
TXN00003234,1,8014.91,0,0,HIGH
TXN00003242,1,1561.56,0,0,LOW
TXN00003248,1,10277.41,1,1,CRITICAL
TXN00003257,1,198.46,0,0,LOW
TXN00003264,1,1771.56,1,0,HIGH
TXN00003276,1,,0,0,LOW
TXN00003290,1,991.51,0,0,HIGH
TXN00003293,1,2045.0,0,0,MEDIUM
TXN00003302,1,1169.68,0,0,MEDIUM
TXN00003304,1,6448.11,0,0,MEDIUM
TXN00003306,1,2280.54,1,0,MEDIUM
TXN00003314,1,1814.0,1,0,LOW
TXN00003335,1,1426.02,1,0,HIGH
TXN00003338,2,8032.32,1,0,MEDIUM
TXN00003340,1,1823.47,0,0,MEDIUM
TXN00003341,1,635.0,0,0,LOW
TXN00003351,1,1160.82,1,0,HIGH
TXN00003364,1,2940.2,0,0,LOW
TXN00003371,1,737.83,1,0,LOW
TXN00003379,1,5587.77,1,1,CRITICAL
TXN00003383,1,1589.0,0,0,LOW
TXN00003403,1,,1,0,MEDIUM
TXN00003408,1,895.1,1,0,MEDIUM
TXN00003431,1,3242.15,1,0,MEDIUM
TXN00003443,1,,1,0,LOW
TXN00003447,1,1984.96,0,0,MEDIUM
TXN00003450,1,,1,0,HIGH
TXN00003467,2,2945.66,0,0,MEDIUM
TXN00003485,1,485.1,1,0,LOW
TXN00003494,1,342.28,0,0,LOW
TXN00003495,1,2983.97,1,0,LOW
TXN00003496,1,1706.49,0,0,HIGH
TXN00003498,1,3661.3,0,0,MEDIUM
TXN00003501,1,717.53,0,0,MEDIUM
TXN00003505,1,1516.67,1,0,LOW
TXN00003513,1,754.13,0,0,MEDIUM
TXN00003514,1,1510.93,1,0,MEDIUM
TXN00003516,1,585.31,1,0,HIGH
TXN00003542,1,1085.0,0,0,LOW
TXN00003543,1,15742.98,0,0,LOW
TXN00003546,1,3229.57,0,0,MEDIUM
TXN00003553,1,3278.36,1,0,MEDIUM
TXN00003565,1,1723.81,0,0,HIGH
TXN00003574,1,3933.58,0,0,LOW
TXN00003575,1,,1,0,LOW
TXN00003581,1,3616.02,1,0,MEDIUM
TXN00003610,1,6753.79,0,0,LOW
TXN00003616,1,5374.95,0,0,LOW
TXN00003619,1,,1,0,MEDIUM
TXN00003622,1,409.07,1,0,MEDIUM
TXN00003628,1,2430.89,1,0,MEDIUM
TXN00003637,1,4219.82,1,0,HIGH
TXN00003640,1,2301.83,1,0,MEDIUM
TXN00003656,1,1011.36,0,0,LOW
TXN00003664,1,1000.95,0,0,MEDIUM
TXN00003670,1,2583.29,0,0,LOW
TXN00003675,1,1047.52,1,0,MEDIUM
TXN00003677,1,1364.35,0,0,LOW
TXN00003678,1,8722.75,0,0,HIGH
TXN00003720,2,829.38,2,0,HIGH
TXN00003721,1,,0,0,HIGH
TXN00003727,1,1284.94,0,0,MEDIUM
TXN00003732,1,5678.98,0,1,CRITICAL
TXN00003733,1,,0,0,LOW
TXN00003740,1,6434.35,1,0,LOW
TXN00003753,1,691.4,1,0,MEDIUM
TXN00003766,1,587.08,1,0,MEDIUM
TXN00003777,1,177.16,1,0,MEDIUM
TXN00003778,1,7597.0,1,0,MEDIUM
TXN00003784,1,3118.57,1,0,HIGH
TXN00003788,1,5092.34,1,0,LOW
TXN00003789,1,1061.09,1,0,MEDIUM
TXN00003808,1,476.92,0,1,CRITICAL
TXN00003810,1,861.41,1,0,MEDIUM
TXN00003813,1,5758.61,0,0,LOW
TXN00003828,1,1594.84,1,0,LOW
TXN00003833,1,1688.18,1,0,MEDIUM
TXN00003837,1,723.24,1,0,HIGH
TXN00003845,1,2182.0,0,0,HIGH
TXN00003850,1,5978.59,0,0,LOW
TXN00003853,1,2342.78,0,0,MEDIUM
TXN00003861,2,2991.3599999999997,1,1,CRITICAL
TXN00003879,1,,1,0,LOW
TXN00003881,1,,1,0,MEDIUM
TXN00003889,1,2760.0,0,0,HIGH
TXN00003908,1,6597.26,1,1,CRITICAL
TXN00003915,1,264.64,0,0,MEDIUM
TXN00003924,1,2479.92,0,0,MEDIUM
TXN00003927,1,875.3,0,0,LOW
TXN00003928,1,3481.55,1,1,CRITICAL
TXN00003962,1,12077.97,0,1,CRITICAL
TXN00003972,1,4309.44,1,0,LOW
TXN00003973,1,2121.87,1,0,LOW
TXN00003990,2,702.0,0,0,MEDIUM
TXN00004014,1,4940.23,0,0,HIGH
TXN00004018,1,11729.72,1,0,MEDIUM
TXN00004028,1,2255.0,1,0,HIGH
TXN00004035,1,4064.18,0,0,MEDIUM
TXN00004045,1,14158.32,1,0,LOW
TXN00004048,1,,1,0,LOW
TXN00004057,1,1149.72,1,0,MEDIUM
TXN00004061,1,2090.0,0,0,LOW
TXN00004070,1,3047.23,1,0,MEDIUM
TXN00004074,1,3617.74,0,0,LOW
TXN00004089,1,493.48,0,0,LOW
TXN00004094,1,2519.45,1,0,HIGH
TXN00004103,2,9729.66,0,0,MEDIUM
TXN00004108,1,5763.03,0,0,HIGH
TXN00004113,1,1173.86,0,0,HIGH
TXN00004115,1,1495.6,0,0,MEDIUM
TXN00004120,1,5701.53,1,0,LOW
TXN00004121,1,,1,0,HIGH
TXN00004134,1,794.23,1,0,HIGH
TXN00004140,1,378.0,1,1,CRITICAL
TXN00004153,1,3630.27,1,0,HIGH
TXN00004157,1,269.0,1,0,LOW
TXN00004164,1,3142.0,1,0,MEDIUM
TXN00004169,1,13744.99,0,1,CRITICAL
TXN00004174,1,26842.07,0,1,CRITICAL
TXN00004176,1,1105.82,0,0,HIGH
TXN00004185,1,7433.73,1,0,LOW
TXN00004247,1,1908.75,1,0,MEDIUM
TXN00004265,1,330.36,1,0,LOW
TXN00004267,1,3750.2,1,0,LOW
TXN00004271,1,2672.78,1,0,LOW
TXN00004276,1,,1,0,MEDIUM
TXN00004284,1,3737.05,0,0,MEDIUM
TXN00004293,1,830.77,0,0,MEDIUM
TXN00004321,1,2032.79,1,0,LOW
TXN00004325,1,,0,1,CRITICAL
TXN00004346,1,2582.05,0,0,LOW
TXN00004350,1,2131.37,1,0,LOW
TXN00004354,1,1370.0,1,0,MEDIUM
TXN00004367,1,2126.85,0,0,HIGH
TXN00004370,1,733.59,1,0,MEDIUM
TXN00004377,1,6954.75,1,0,LOW
TXN00004386,1,2691.36,1,0,MEDIUM
TXN00004392,1,272.46,0,0,LOW
TXN00004395,1,9572.0,1,0,MEDIUM
TXN00004411,1,3905.0,1,0,LOW
TXN00004425,1,1305.0,0,0,HIGH
TXN00004439,1,1706.04,0,0,HIGH
TXN00004455,1,559.19,0,0,MEDIUM
TXN00004472,1,,1,0,MEDIUM
TXN00004481,1,1101.44,0,1,CRITICAL
TXN00004488,1,2468.0,0,1,CRITICAL
TXN00004493,1,380.69,1,0,LOW
TXN00004507,1,2320.0,1,0,MEDIUM
TXN00004512,1,1358.0,1,0,LOW
TXN00004517,1,676.55,1,0,LOW
TXN00004549,1,1639.85,1,0,HIGH
TXN00004554,1,2266.29,1,0,MEDIUM
TXN00004555,1,889.98,1,0,HIGH
TXN00004562,1,,1,0,HIGH
TXN00004573,1,495.68,0,0,MEDIUM
TXN00004589,1,1100.37,1,0,MEDIUM
TXN00004590,1,799.39,1,0,HIGH
TXN00004594,2,577.53,2,0,MEDIUM
TXN00004610,1,5879.13,0,0,MEDIUM
TXN00004618,1,1142.86,0,0,LOW
TXN00004622,1,1330.95,0,0,MEDIUM
TXN00004638,1,1651.94,1,0,HIGH
TXN00004642,1,1778.23,1,0,MEDIUM
TXN00004644,1,,0,0,LOW
TXN00004668,1,,0,0,MEDIUM
TXN00004672,1,985.98,0,0,HIGH
TXN00004673,2,4655.030000000001,0,0,LOW
TXN00004675,1,258.2,1,0,HIGH
TXN00004686,1,1634.47,0,0,MEDIUM
TXN00004693,1,3249.99,1,0,LOW
TXN00004698,1,1942.99,0,0,LOW
TXN00004709,1,,1,0,LOW
TXN00004712,1,2950.32,0,1,CRITICAL
TXN00004716,1,169.35,0,0,MEDIUM
TXN00004717,1,22390.0,1,0,HIGH
TXN00004731,1,1385.0,0,0,HIGH
TXN00004746,1,579.06,1,0,HIGH
TXN00004747,1,11808.21,1,0,MEDIUM
TXN00004748,1,3976.68,0,0,LOW
TXN00004759,1,1027.78,0,0,LOW
TXN00004763,1,2865.75,1,0,MEDIUM
TXN00004771,1,5005.08,1,1,CRITICAL
TXN00004776,1,2319.55,0,0,HIGH
TXN00004779,1,1565.13,1,0,MEDIUM
TXN00004780,1,,1,0,HIGH
TXN00004782,1,779.81,0,0,MEDIUM
TXN00004797,1,3784.33,0,0,MEDIUM
TXN00004804,1,12097.84,0,0,HIGH
TXN00004814,1,,0,0,LOW
TXN00004821,1,165.89,0,0,LOW
TXN00004832,1,1582.6,1,0,MEDIUM
TXN00004835,1,11573.0,1,0,MEDIUM
TXN00004836,1,3723.0,1,0,LOW
TXN00004839,1,955.91,0,0,HIGH
TXN00004849,1,1212.0,1,0,MEDIUM
TXN00004880,1,,0,1,CRITICAL
TXN00004888,1,1625.15,1,1,CRITICAL
TXN00004890,1,,0,0,LOW
TXN00004896,1,1770.17,1,0,LOW
TXN00004903,1,639.26,1,0,MEDIUM
TXN00004922,1,,0,0,MEDIUM
TXN00004923,1,1673.05,0,0,LOW
TXN00004925,1,9977.75,0,0,MEDIUM
TXN00004927,1,1530.6,0,0,LOW
TXN00004932,1,595.39,0,0,LOW
TXN00004933,1,4720.79,0,0,LOW
TXN00004935,1,18552.59,0,0,LOW
TXN00004951,1,2386.57,1,0,HIGH
TXN00004956,1,1752.77,0,0,MEDIUM
TXN00004960,1,1327.87,0,0,LOW
TXN00004967,1,,0,0,LOW
TXN00004968,1,,1,0,HIGH
TXN00004984,1,1369.23,0,0,HIGH
TXN00004989,1,5305.63,1,0,MEDIUM
TXN00005001,1,4713.3,0,0,MEDIUM
TXN00005004,1,1095.0,0,0,MEDIUM
TXN00005006,1,216.3,1,0,LOW
TXN00005010,1,1290.35,1,0,MEDIUM
TXN00005013,1,1946.17,1,0,LOW
TXN00005021,1,7640.62,0,0,LOW
TXN00005025,1,1283.51,0,0,LOW
TXN00005028,1,1800.13,1,0,HIGH
TXN00005039,1,1582.19,0,0,HIGH
TXN00005048,1,2992.52,0,0,HIGH
TXN00005056,1,6278.49,1,1,CRITICAL
TXN00005059,2,5445.15,1,1,CRITICAL
TXN00005061,1,1535.65,0,0,HIGH
TXN00005079,1,1368.67,1,0,HIGH
TXN00005081,1,782.28,0,0,LOW
TXN00005083,1,448.0,0,0,MEDIUM
TXN00005084,1,12351.07,1,0,LOW
TXN00005100,2,,2,0,LOW
TXN00005107,1,1023.0,1,0,MEDIUM
TXN00005131,1,9968.68,1,0,MEDIUM
TXN00005136,1,1719.63,0,0,MEDIUM
TXN00005138,2,3046.37,2,0,MEDIUM
TXN00005144,1,1262.32,0,0,LOW
TXN00005146,1,725.45,1,0,MEDIUM
TXN00005150,1,2477.97,0,0,MEDIUM
TXN00005168,1,5074.67,0,0,HIGH
TXN00005174,1,1679.19,0,0,HIGH
TXN00005181,2,2215.72,2,0,LOW
TXN00005195,1,4251.73,1,0,LOW
TXN00005197,1,5740.0,1,0,MEDIUM
TXN00005199,1,2351.11,0,0,LOW
TXN00005203,1,2184.85,1,0,LOW
TXN00005205,1,6694.94,0,0,HIGH
TXN00005214,1,,1,0,MEDIUM
TXN00005222,3,3217.1,0,0,MEDIUM
TXN00005230,1,5154.73,0,0,MEDIUM
TXN00005246,1,,0,0,LOW
TXN00005274,1,4290.41,0,0,HIGH
TXN00005307,1,,0,0,LOW
TXN00005315,1,819.89,1,0,LOW
TXN00005344,1,1422.0,0,0,HIGH
TXN00005346,2,3376.98,2,0,MEDIUM
TXN00005364,1,,0,1,CRITICAL
TXN00005367,1,734.0,0,0,LOW
TXN00005376,1,6375.04,1,0,MEDIUM
TXN00005378,1,1274.1,1,0,MEDIUM
TXN00005379,1,318.82,0,0,HIGH
TXN00005386,1,2597.6,1,0,MEDIUM
TXN00005396,1,2926.18,1,0,MEDIUM
TXN00005401,1,14197.19,1,0,LOW
TXN00005409,1,504.51,0,1,CRITICAL
TXN00005413,1,,1,0,MEDIUM
TXN00005417,1,2380.3,0,0,MEDIUM
TXN00005419,1,8383.0,0,0,LOW
TXN00005429,1,1860.96,1,0,LOW
TXN00005430,1,1006.88,1,0,MEDIUM
TXN00005431,1,1631.64,0,0,HIGH
TXN00005438,1,1581.74,1,0,HIGH
TXN00005443,1,3291.51,1,0,MEDIUM
TXN00005459,2,12163.57,1,0,MEDIUM
TXN00005470,1,881.56,1,0,MEDIUM
TXN00005474,1,271.69,0,0,MEDIUM
TXN00005483,1,2130.14,1,0,MEDIUM
TXN00005485,1,4839.05,1,1,CRITICAL
TXN00005486,1,1288.0,0,0,LOW
TXN00005487,1,,0,0,HIGH
TXN00005488,1,8967.32,0,0,MEDIUM
TXN00005489,1,3170.75,0,0,MEDIUM
TXN00005490,1,,1,0,MEDIUM
TXN00005496,1,,0,0,MEDIUM
TXN00005500,1,1721.07,0,0,HIGH
TXN00005512,1,2981.85,1,0,LOW
TXN00005518,1,,0,0,LOW
TXN00005542,1,236.16,1,0,MEDIUM
TXN00005543,1,1362.67,1,0,MEDIUM
TXN00005546,1,1518.0,1,0,LOW
TXN00005559,2,1195.62,0,0,MEDIUM
TXN00005564,1,1858.07,1,0,MEDIUM
TXN00005572,1,,0,0,LOW
TXN00005575,1,1946.37,1,0,MEDIUM
TXN00005580,1,3654.65,0,0,HIGH
TXN00005582,1,16352.81,0,0,HIGH
TXN00005603,1,2652.0,1,0,MEDIUM
TXN00005621,1,8601.0,0,0,LOW
TXN00005636,1,1118.0,0,0,MEDIUM
TXN00005655,1,5976.8,1,0,HIGH
TXN00005659,1,,1,0,MEDIUM
TXN00005666,1,1764.4,1,0,LOW
TXN00005674,1,560.0,1,0,HIGH
TXN00005682,1,2014.01,0,0,HIGH
TXN00005691,1,,1,0,HIGH
TXN00005717,1,2449.38,1,0,LOW
TXN00005723,1,4655.0,0,0,LOW
TXN00005750,1,1459.51,1,0,MEDIUM
TXN00005752,1,1800.88,0,0,LOW
TXN00005755,1,740.85,1,0,MEDIUM
TXN00005760,1,,0,0,MEDIUM
TXN00005761,1,3582.63,1,0,LOW
TXN00005764,1,513.84,0,0,MEDIUM
TXN00005767,1,3275.35,0,0,LOW
TXN00005777,1,891.95,1,0,HIGH
TXN00005785,1,222.95,0,0,MEDIUM
TXN00005788,1,372.51,0,0,LOW
TXN00005799,1,674.67,0,1,CRITICAL
TXN00005802,1,964.98,1,0,MEDIUM
TXN00005810,1,,0,0,MEDIUM
TXN00005811,1,636.43,0,0,MEDIUM
TXN00005813,1,1708.0,0,0,HIGH
TXN00005826,1,1770.58,0,1,CRITICAL
TXN00005837,1,438.11,0,0,LOW
TXN00005845,1,,1,1,CRITICAL
TXN00005849,1,,0,0,MEDIUM
TXN00005857,1,,1,0,LOW
TXN00005861,1,10091.73,0,0,LOW
TXN00005872,1,2023.21,0,0,LOW
TXN00005874,1,,0,0,MEDIUM
TXN00005881,1,2284.0,0,0,MEDIUM
TXN00005904,1,,1,0,HIGH
TXN00005908,1,1603.01,0,0,LOW
TXN00005915,1,215.32,1,0,MEDIUM
TXN00005923,1,1759.97,0,0,MEDIUM
TXN00005940,2,2720.02,2,0,MEDIUM
TXN00005941,1,8630.24,1,0,HIGH
TXN00005945,1,848.15,1,0,HIGH
TXN00005953,1,1742.0,0,0,LOW
TXN00005962,1,354.48,1,0,MEDIUM
TXN00005966,1,8500.66,0,0,MEDIUM
TXN00005968,1,2917.69,1,1,CRITICAL
TXN00005973,1,10229.48,1,0,MEDIUM
TXN00005986,1,6879.04,1,0,HIGH
TXN00005988,1,1345.11,1,0,HIGH
TXN00005999,1,,1,0,LOW
TXN00006037,1,739.74,0,0,LOW
TXN00006052,1,1664.31,1,1,CRITICAL
TXN00006057,1,378.18,1,0,HIGH
TXN00006059,1,,1,0,MEDIUM
TXN00006063,1,2157.0,1,0,HIGH
TXN00006073,1,7404.88,1,0,LOW
TXN00006075,1,1413.0,1,1,CRITICAL
TXN00006114,1,4938.0,0,0,HIGH
TXN00006117,1,3964.0,0,0,HIGH
TXN00006125,1,2573.59,0,0,HIGH
TXN00006136,1,3785.87,1,0,LOW
TXN00006138,1,486.96,0,0,LOW
TXN00006160,1,384.6,1,0,MEDIUM
TXN00006175,1,709.86,1,0,LOW
TXN00006191,1,426.17,1,0,LOW
TXN00006193,2,52415.12,2,0,LOW
TXN00006200,1,5233.09,1,0,HIGH
TXN00006207,1,,1,0,LOW
TXN00006214,1,4111.68,0,0,MEDIUM
TXN00006246,1,1584.81,1,0,MEDIUM
TXN00006250,1,836.39,1,0,LOW
TXN00006252,1,408.0,1,0,HIGH
TXN00006253,1,4952.0,0,0,MEDIUM
TXN00006257,1,350.52,0,0,MEDIUM
TXN00006263,1,843.91,0,0,LOW
TXN00006276,1,1890.0,1,1,CRITICAL
TXN00006280,1,1032.66,0,0,MEDIUM
TXN00006290,1,,0,0,LOW
TXN00006293,3,6815.76,1,0,MEDIUM
TXN00006304,1,4194.32,1,1,CRITICAL
TXN00006334,1,,1,0,MEDIUM
TXN00006336,1,846.13,1,0,MEDIUM
TXN00006338,1,1656.18,1,0,LOW
TXN00006342,1,1546.48,1,0,MEDIUM
TXN00006348,1,506.14,1,0,MEDIUM
TXN00006355,1,1211.72,0,0,MEDIUM
TXN00006356,1,,0,0,LOW
TXN00006360,1,1731.1,1,0,LOW
TXN00006364,1,2678.39,0,0,LOW
TXN00006372,1,5763.76,1,0,MEDIUM
TXN00006374,1,328.81,1,0,MEDIUM
TXN00006391,1,9215.86,0,0,MEDIUM
TXN00006400,1,3582.55,1,0,HIGH
TXN00006416,1,4872.0,0,0,MEDIUM
TXN00006427,1,3608.0,1,0,MEDIUM
TXN00006433,1,468.43,0,0,HIGH
TXN00006440,1,6058.0,1,0,LOW
TXN00006449,1,250.0,1,0,HIGH
TXN00006459,1,2479.76,0,0,HIGH
TXN00006460,1,3745.94,1,0,MEDIUM
TXN00006467,1,7505.86,0,0,HIGH
TXN00006468,1,7884.04,1,0,LOW
TXN00006499,1,640.77,0,0,MEDIUM
TXN00006502,1,,1,1,CRITICAL
TXN00006505,1,2740.0,0,0,MEDIUM
TXN00006526,1,,0,0,MEDIUM
TXN00006529,1,5747.29,1,0,LOW
TXN00006537,1,418.0,1,0,MEDIUM
TXN00006549,1,905.53,0,0,LOW
TXN00006554,1,4172.97,1,0,MEDIUM
TXN00006558,1,,0,0,MEDIUM
TXN00006569,1,3352.04,0,0,HIGH
TXN00006584,1,1087.37,1,0,MEDIUM
TXN00006588,2,,0,2,CRITICAL
TXN00006595,1,2625.77,1,0,LOW
TXN00006600,1,,1,0,MEDIUM
TXN00006623,1,1154.99,1,0,LOW
TXN00006632,1,4124.85,1,0,LOW
TXN00006637,1,4001.0,1,0,LOW
TXN00006638,1,2742.66,1,1,CRITICAL
TXN00006640,1,,0,0,LOW
TXN00006654,1,2733.0,0,0,LOW
TXN00006667,1,4240.52,1,0,LOW
TXN00006668,1,1736.0,0,0,HIGH
TXN00006669,1,,0,0,LOW
TXN00006681,1,946.45,0,0,MEDIUM
TXN00006688,1,592.68,1,0,HIGH
TXN00006695,1,1671.67,1,0,MEDIUM
TXN00006710,2,15005.39,1,0,HIGH
TXN00006728,1,1002.59,1,1,CRITICAL
TXN00006743,1,,1,0,MEDIUM
TXN00006753,1,,1,0,LOW
TXN00006755,2,1874.0,1,0,MEDIUM
TXN00006756,1,988.98,1,0,MEDIUM
TXN00006761,1,1870.83,1,0,MEDIUM
TXN00006778,1,1282.1,0,0,MEDIUM
TXN00006792,1,1704.54,0,0,LOW
TXN00006799,1,7272.77,0,0,MEDIUM
TXN00006801,1,,0,0,HIGH
TXN00006805,1,1087.14,0,0,MEDIUM
TXN00006808,1,8430.86,1,0,HIGH
TXN00006817,1,774.67,1,0,MEDIUM
TXN00006837,1,374.0,0,0,MEDIUM
TXN00006872,1,,1,0,LOW
TXN00006873,1,,0,1,CRITICAL
TXN00006894,1,2016.51,0,0,HIGH
TXN00006897,1,3386.1,1,0,LOW
TXN00006902,1,2179.89,0,1,CRITICAL
TXN00006912,2,1229.37,1,0,MEDIUM
TXN00006919,2,5359.6900000000005,1,0,MEDIUM
TXN00006922,2,1390.01,1,0,MEDIUM
TXN00006951,1,3359.61,0,0,MEDIUM
TXN00006954,1,186.51,0,0,MEDIUM
TXN00006955,1,1336.86,1,0,LOW
TXN00006958,1,,1,0,HIGH
TXN00006961,1,2280.65,1,0,MEDIUM
TXN00006966,1,645.29,1,0,MEDIUM
TXN00006976,1,1752.57,1,0,LOW
TXN00006989,1,1796.19,1,0,MEDIUM
TXN00006990,1,1208.16,0,0,MEDIUM
TXN00006995,1,793.0,0,0,LOW
TXN00007012,1,1064.0,0,0,HIGH
TXN00007014,1,1748.13,1,0,LOW
TXN00007016,1,1144.6,0,0,HIGH
TXN00007023,2,11018.82,0,0,MEDIUM
TXN00007026,1,,0,0,MEDIUM
TXN00007052,1,,1,0,LOW
TXN00007053,1,3545.44,0,0,HIGH
TXN00007063,1,370.32,1,0,LOW
TXN00007069,1,5834.0,0,0,MEDIUM
TXN00007076,1,533.33,1,0,MEDIUM
TXN00007084,1,2000.05,0,0,LOW
TXN00007095,1,1816.0,1,0,MEDIUM
TXN00007102,1,11415.12,1,0,MEDIUM
TXN00007105,1,,1,0,MEDIUM
TXN00007125,1,1467.82,1,1,CRITICAL
TXN00007136,1,6758.4,1,0,LOW
TXN00007143,1,,1,0,MEDIUM
TXN00007145,1,5884.78,1,0,LOW
TXN00007154,2,5863.87,1,0,LOW
TXN00007158,1,,1,0,HIGH
TXN00007159,1,1034.0,1,0,LOW
TXN00007165,1,676.0,0,0,LOW
TXN00007170,1,468.0,1,0,MEDIUM
TXN00007177,2,3812.24,0,0,MEDIUM
TXN00007180,1,671.37,1,0,HIGH
TXN00007182,1,7942.83,1,0,LOW
TXN00007185,1,,0,0,MEDIUM
TXN00007186,1,7193.48,0,0,MEDIUM
TXN00007187,1,361.6,0,0,MEDIUM
TXN00007192,1,1195.71,1,0,MEDIUM
TXN00007204,1,,0,0,HIGH
TXN00007219,1,5143.78,0,0,LOW
TXN00007220,1,4676.01,1,0,MEDIUM
TXN00007227,2,5015.36,1,0,MEDIUM
TXN00007230,1,4334.18,0,1,CRITICAL
TXN00007235,1,1820.07,0,0,LOW
TXN00007244,1,3040.89,1,0,HIGH
TXN00007253,1,8599.51,1,0,HIGH
TXN00007267,1,890.07,0,0,LOW
TXN00007272,1,928.0,1,0,HIGH
TXN00007273,1,673.49,1,0,MEDIUM
TXN00007282,1,9729.28,1,0,MEDIUM
TXN00007285,1,4196.87,0,0,HIGH
TXN00007288,1,320.6,1,0,LOW
TXN00007296,1,1425.61,1,0,MEDIUM
TXN00007306,1,1333.0,1,0,LOW
TXN00007307,1,2349.32,0,0,MEDIUM
TXN00007313,1,802.19,1,0,HIGH
TXN00007324,1,175.45,0,0,HIGH
TXN00007326,1,185.0,1,0,MEDIUM
TXN00007330,1,2018.57,0,0,MEDIUM
TXN00007334,1,903.47,0,0,LOW
TXN00007342,1,9521.14,1,0,MEDIUM
TXN00007356,1,4608.17,1,0,LOW
TXN00007357,1,161.0,1,0,MEDIUM
TXN00007362,1,3269.55,1,0,LOW
TXN00007375,1,4608.0,0,0,HIGH
TXN00007401,1,,0,0,HIGH
TXN00007437,2,1171.85,1,0,MEDIUM
TXN00007439,1,3333.48,0,0,LOW
TXN00007445,1,3055.0,0,0,MEDIUM
TXN00007450,1,,1,0,HIGH
TXN00007455,1,1002.8,1,0,HIGH
TXN00007456,1,2655.0,0,1,CRITICAL
TXN00007457,1,838.9,1,0,MEDIUM
TXN00007463,1,540.0,1,0,MEDIUM
TXN00007464,1,2001.83,0,0,MEDIUM
TXN00007488,1,384.26,1,0,HIGH
TXN00007492,2,4032.1400000000003,2,0,LOW
TXN00007495,1,1520.0,1,0,LOW
TXN00007497,1,,1,0,HIGH
TXN00007501,1,,1,0,LOW
TXN00007505,2,27426.96,2,0,LOW
TXN00007508,1,696.41,1,0,LOW
TXN00007519,1,2490.54,0,0,LOW
TXN00007523,1,2702.06,0,0,MEDIUM
TXN00007551,1,1887.02,0,0,MEDIUM
TXN00007552,1,12509.66,0,0,LOW
TXN00007573,1,10313.56,0,0,LOW
TXN00007590,1,1023.96,0,0,LOW
TXN00007595,1,1638.0,1,0,MEDIUM
TXN00007604,1,440.35,1,0,MEDIUM
TXN00007622,2,969.6800000000001,1,0,MEDIUM
TXN00007628,1,3211.77,0,0,LOW
TXN00007630,1,963.14,1,0,LOW
TXN00007635,1,1325.25,0,0,HIGH
TXN00007639,1,544.0,0,0,LOW
TXN00007642,1,1258.0,0,1,CRITICAL
TXN00007644,1,1173.01,1,0,MEDIUM
TXN00007645,1,,1,1,CRITICAL
TXN00007650,1,316.55,0,0,HIGH
TXN00007654,2,1580.77,1,0,MEDIUM
TXN00007658,1,,1,0,MEDIUM
TXN00007662,1,4479.85,1,0,MEDIUM
TXN00007668,1,872.83,0,0,LOW
TXN00007676,1,841.13,1,1,CRITICAL
TXN00007679,1,504.58,1,0,HIGH
TXN00007698,1,1746.55,0,0,MEDIUM
TXN00007704,1,1568.0,0,0,LOW
TXN00007711,1,842.88,1,0,HIGH
TXN00007712,1,,1,0,MEDIUM
TXN00007718,1,1496.09,1,0,HIGH
TXN00007729,1,819.04,0,0,LOW
TXN00007749,1,1287.86,1,0,HIGH
TXN00007757,1,,1,0,HIGH
TXN00007758,1,1550.0,0,0,LOW
TXN00007764,1,6398.47,1,0,MEDIUM
TXN00007769,1,813.25,0,0,HIGH
TXN00007772,1,1320.83,1,1,CRITICAL
TXN00007774,1,1443.57,0,0,MEDIUM
TXN00007782,1,,1,0,LOW
TXN00007791,1,1735.16,1,0,LOW
TXN00007811,1,1224.0,1,0,HIGH
TXN00007824,1,1375.65,0,0,MEDIUM
TXN00007831,1,905.66,1,0,LOW
TXN00007842,1,5443.0,1,0,LOW
TXN00007847,1,,1,0,HIGH
TXN00007849,1,1413.0,1,0,MEDIUM
TXN00007866,2,,0,0,LOW
TXN00007870,1,1860.61,1,0,HIGH
TXN00007889,1,3625.88,1,0,MEDIUM
TXN00007902,1,5099.0,1,0,HIGH
TXN00007915,1,1789.71,0,1,CRITICAL
TXN00007923,1,2225.43,1,0,MEDIUM
TXN00007924,1,2197.57,0,0,MEDIUM
TXN00007939,1,976.66,1,0,MEDIUM
TXN00007940,1,1608.0,0,0,HIGH
TXN00007941,1,,0,0,LOW
TXN00007945,1,2209.68,0,0,MEDIUM
TXN00007949,1,2276.53,0,0,LOW
TXN00007962,1,875.42,0,1,CRITICAL
TXN00007966,2,5449.19,1,1,CRITICAL
TXN00007967,1,,0,0,HIGH
TXN00007974,1,4101.89,1,0,LOW
TXN00007980,1,1231.74,1,0,MEDIUM
TXN00007982,1,,0,0,HIGH
TXN00007988,1,1309.6,0,0,LOW
TXN00007989,1,1245.09,0,0,MEDIUM
TXN00008011,1,1770.2,0,0,MEDIUM
TXN00008016,1,1364.41,1,0,LOW
TXN00008030,1,1200.17,0,0,MEDIUM
TXN00008048,1,7477.0,1,0,HIGH
TXN00008054,2,1537.5,1,0,HIGH
TXN00008063,1,2296.42,1,0,HIGH
TXN00008067,1,14279.05,1,1,CRITICAL
TXN00008083,1,2354.56,1,0,HIGH
TXN00008090,1,3349.24,1,0,MEDIUM
TXN00008092,1,2596.26,0,0,MEDIUM
TXN00008095,1,,1,0,HIGH
TXN00008098,1,,0,0,LOW
TXN00008099,2,9153.38,0,2,CRITICAL
TXN00008116,3,22249.4,0,0,MEDIUM
TXN00008130,1,482.6,0,0,MEDIUM
TXN00008131,1,2367.83,0,0,LOW
TXN00008134,1,388.91,0,0,MEDIUM
TXN00008141,1,4306.86,1,0,MEDIUM
TXN00008143,1,240.64,1,0,LOW
TXN00008154,1,1654.89,1,0,MEDIUM
TXN00008166,1,813.72,0,0,MEDIUM
TXN00008167,1,2598.82,1,0,MEDIUM
TXN00008175,1,7668.14,1,0,LOW
TXN00008189,1,577.55,1,0,MEDIUM
TXN00008205,1,1147.39,0,0,HIGH
TXN00008222,1,4360.22,1,0,LOW
TXN00008227,1,2758.76,0,0,HIGH
TXN00008228,1,,0,0,LOW
TXN00008235,1,1302.0,0,0,MEDIUM
TXN00008240,1,,0,0,HIGH
TXN00008261,1,4227.03,0,0,HIGH
TXN00008274,1,1114.45,0,0,HIGH
TXN00008276,2,6279.24,1,1,CRITICAL
TXN00008299,1,1586.53,1,0,MEDIUM
TXN00008304,1,6321.44,1,0,MEDIUM
TXN00008319,1,,0,0,LOW
TXN00008321,2,1235.1,2,0,HIGH
TXN00008323,1,36675.43,1,0,MEDIUM
TXN00008330,1,1847.49,1,0,MEDIUM
TXN00008348,1,7413.72,0,1,CRITICAL
TXN00008353,1,1208.71,0,0,MEDIUM
TXN00008356,1,,0,0,MEDIUM
TXN00008361,1,5163.82,1,0,LOW
TXN00008362,1,716.05,1,0,LOW
TXN00008366,1,1671.34,0,0,HIGH
TXN00008369,1,690.97,1,0,MEDIUM
TXN00008375,1,372.08,0,0,LOW
TXN00008377,1,1274.95,1,0,MEDIUM
TXN00008385,1,1944.27,0,0,LOW
TXN00008400,1,1939.11,1,0,LOW
TXN00008403,1,1117.0,1,0,MEDIUM
TXN00008404,1,6003.55,1,0,LOW
TXN00008405,2,1446.29,0,0,HIGH
TXN00008407,1,2017.17,0,0,MEDIUM
TXN00008410,1,896.23,0,0,MEDIUM
TXN00008414,1,,1,0,HIGH
TXN00008421,1,964.56,0,0,LOW
TXN00008429,1,1512.54,1,0,MEDIUM
TXN00008431,1,1831.96,0,0,MEDIUM
TXN00008435,2,2882.4500000000003,0,0,MEDIUM
TXN00008446,1,,0,1,CRITICAL
TXN00008449,1,653.0,0,0,MEDIUM
TXN00008454,1,268.0,1,0,MEDIUM
TXN00008459,1,3145.24,1,0,MEDIUM
TXN00008462,1,,0,0,LOW
TXN00008466,1,494.63,1,0,MEDIUM
TXN00008467,2,,0,0,MEDIUM
TXN00008469,1,,0,0,MEDIUM
TXN00008475,1,877.69,0,0,MEDIUM
TXN00008478,1,2598.96,0,1,CRITICAL
TXN00008496,1,,0,0,LOW
TXN00008497,1,316.81,0,0,LOW
TXN00008498,1,2342.66,1,0,LOW
TXN00008504,2,892.19,2,0,MEDIUM
TXN00008525,1,1760.95,0,0,HIGH
TXN00008529,1,3107.14,1,0,HIGH
TXN00008534,1,652.86,1,0,HIGH
TXN00008538,1,2850.0,0,0,MEDIUM
TXN00008542,1,,1,0,MEDIUM
TXN00008546,1,936.49,0,0,LOW
TXN00008557,1,752.0,0,0,HIGH
TXN00008558,1,1053.3,0,0,HIGH
TXN00008559,1,876.37,1,0,MEDIUM
TXN00008564,1,7520.47,0,0,MEDIUM
TXN00008566,2,5347.48,2,0,LOW
TXN00008578,1,3771.28,1,0,MEDIUM
TXN00008581,1,,1,0,MEDIUM
TXN00008590,1,2830.0,1,0,MEDIUM
TXN00008599,1,1339.16,0,0,LOW
TXN00008604,1,,1,0,HIGH
TXN00008617,1,4101.67,0,1,CRITICAL
TXN00008638,1,1056.33,1,0,LOW
TXN00008645,3,5443.5,0,0,HIGH
TXN00008650,1,1166.57,1,0,MEDIUM
TXN00008651,1,,1,0,MEDIUM
TXN00008654,1,3655.6,1,0,HIGH
TXN00008657,1,4252.24,1,0,LOW
TXN00008670,1,992.85,1,0,LOW
TXN00008679,1,1294.7,0,0,MEDIUM
TXN00008682,1,5944.75,0,0,LOW
TXN00008686,1,,1,0,LOW
TXN00008727,2,3479.0899999999997,1,0,LOW
TXN00008732,1,3491.72,0,0,HIGH
TXN00008758,1,11352.0,1,0,MEDIUM
TXN00008775,1,8304.41,0,0,LOW
TXN00008788,1,8276.16,1,0,MEDIUM
TXN00008795,1,1052.0,1,0,MEDIUM
TXN00008797,1,980.58,1,0,MEDIUM
TXN00008813,1,,1,0,LOW
TXN00008821,1,2136.49,1,0,LOW
TXN00008826,1,1347.43,1,0,LOW
TXN00008829,1,19778.02,1,1,CRITICAL
TXN00008840,1,1257.85,1,0,HIGH
TXN00008851,1,1383.51,0,0,MEDIUM
TXN00008853,1,6353.75,0,0,MEDIUM
TXN00008854,1,2299.14,0,0,MEDIUM
TXN00008857,1,5937.26,0,0,LOW
TXN00008870,1,4628.47,0,0,MEDIUM
TXN00008893,1,2546.9,1,0,LOW
TXN00008903,1,601.89,1,1,CRITICAL
TXN00008905,1,1362.36,1,1,CRITICAL
TXN00008909,1,660.0,0,0,LOW
TXN00008925,1,,0,0,LOW
TXN00008946,1,815.57,0,0,MEDIUM
TXN00008947,1,4079.0,0,0,LOW
TXN00008964,1,1646.02,1,0,HIGH
TXN00008970,2,4972.63,1,0,LOW
TXN00009008,1,743.0,0,0,LOW
TXN00009019,1,2738.39,0,0,MEDIUM
TXN00009035,1,1224.57,0,0,LOW
TXN00009040,1,,1,0,HIGH
TXN00009041,1,865.19,1,0,LOW
TXN00009054,1,14177.27,1,0,MEDIUM
TXN00009063,1,91.6,1,0,LOW
TXN00009064,1,1568.17,0,1,CRITICAL
TXN00009068,1,1500.0,0,0,HIGH
TXN00009074,1,611.73,1,0,MEDIUM
TXN00009076,1,1552.98,1,0,HIGH
TXN00009087,1,7838.0,1,0,MEDIUM
TXN00009091,1,358.42,1,0,MEDIUM
TXN00009096,2,,2,0,MEDIUM
TXN00009098,1,4947.89,0,0,LOW
TXN00009105,1,,0,0,LOW
TXN00009106,1,1104.0,0,0,MEDIUM
TXN00009115,1,1575.8,1,0,LOW
TXN00009124,1,253.0,1,0,MEDIUM
TXN00009133,1,1528.27,1,0,MEDIUM
TXN00009139,1,1518.49,0,1,CRITICAL
TXN00009145,1,1922.11,1,0,LOW
TXN00009149,1,,0,1,CRITICAL
TXN00009156,1,1074.12,1,0,LOW
TXN00009167,2,526.17,1,0,MEDIUM
TXN00009172,1,880.82,1,0,MEDIUM
TXN00009174,1,3544.0,1,0,LOW
TXN00009180,1,,1,0,HIGH
TXN00009182,1,,0,0,MEDIUM
TXN00009187,1,3008.39,0,0,LOW
TXN00009188,1,542.9,0,0,MEDIUM
TXN00009196,1,,1,0,MEDIUM
TXN00009206,1,1313.0,1,0,HIGH
TXN00009207,1,4915.0,1,0,HIGH
TXN00009220,1,914.0,1,0,MEDIUM
TXN00009226,1,4466.49,0,0,MEDIUM
TXN00009229,1,1300.37,0,0,HIGH
TXN00009231,1,669.96,1,0,LOW
TXN00009246,1,1644.04,1,0,LOW
TXN00009248,1,,0,1,CRITICAL
TXN00009260,1,5136.75,1,0,LOW
TXN00009269,1,385.53,0,0,MEDIUM
TXN00009287,1,1407.0,1,0,MEDIUM
TXN00009292,1,2299.02,1,0,LOW
TXN00009313,1,1561.28,0,0,LOW
TXN00009314,1,766.0,1,0,LOW
TXN00009329,1,648.33,0,1,CRITICAL
TXN00009340,1,1180.9,1,1,CRITICAL
TXN00009347,1,1704.94,1,0,LOW
TXN00009348,3,8778.720000000001,3,0,HIGH
TXN00009350,1,478.75,0,0,MEDIUM
TXN00009351,1,1026.98,1,0,MEDIUM
TXN00009355,1,2786.42,0,0,MEDIUM
TXN00009368,1,2931.23,0,0,LOW
TXN00009369,1,2070.15,0,0,LOW
TXN00009371,1,,1,1,CRITICAL
TXN00009374,2,50.0,1,0,MEDIUM
TXN00009379,1,578.72,0,0,HIGH
TXN00009406,1,2488.0,0,0,MEDIUM
TXN00009416,1,4883.77,1,0,LOW
TXN00009419,1,16164.46,1,0,LOW
TXN00009429,1,1275.75,1,0,LOW
TXN00009432,2,,2,0,HIGH
TXN00009444,1,855.85,1,0,MEDIUM
TXN00009451,1,3711.97,1,0,MEDIUM
TXN00009456,1,3537.13,1,0,MEDIUM
TXN00009464,1,2154.73,1,0,HIGH
TXN00009466,1,11523.08,1,1,CRITICAL
TXN00009493,1,270.77,0,0,MEDIUM
TXN00009510,1,4843.85,1,0,LOW
TXN00009538,1,1124.0,0,0,MEDIUM
TXN00009546,1,562.28,1,0,MEDIUM
TXN00009578,1,5287.35,0,0,MEDIUM
TXN00009596,1,5224.53,1,0,MEDIUM
TXN00009609,1,2225.74,0,0,HIGH
TXN00009614,1,927.07,1,0,HIGH
TXN00009622,1,,1,1,CRITICAL
TXN00009627,1,10535.8,1,0,LOW
TXN00009635,1,1538.91,1,0,LOW
TXN00009645,1,3937.19,1,0,MEDIUM
TXN00009647,2,878.05,1,0,HIGH
TXN00009672,1,478.93,0,0,LOW
TXN00009676,1,,0,0,LOW
TXN00009699,2,7835.8,2,0,HIGH
TXN00009704,1,2595.11,0,0,LOW
TXN00009708,1,3007.22,0,0,HIGH
TXN00009712,1,803.59,0,0,MEDIUM
TXN00009714,1,807.62,0,0,LOW
TXN00009715,2,2683.75,1,1,CRITICAL
TXN00009735,1,1222.97,1,0,HIGH
TXN00009741,1,548.0,0,0,LOW
TXN00009749,1,193.15,0,0,LOW
TXN00009757,1,,0,0,LOW
TXN00009768,3,9752.98,2,1,CRITICAL
TXN00009782,2,7066.299999999999,1,0,HIGH
TXN00009783,1,2123.46,0,0,MEDIUM
TXN00009790,2,2111.05,1,1,CRITICAL
TXN00009791,1,807.97,0,0,LOW
TXN00009795,2,6352.67,1,0,MEDIUM
TXN00009804,1,767.56,0,0,MEDIUM
TXN00009806,1,3825.17,1,0,LOW
TXN00009812,1,2069.51,1,0,LOW
TXN00009814,1,1195.47,1,0,MEDIUM
TXN00009818,1,2614.31,1,0,MEDIUM
TXN00009823,1,17825.75,0,0,LOW
TXN00009825,2,3080.0,1,1,CRITICAL
TXN00009831,1,2727.04,1,0,MEDIUM
TXN00009850,1,1130.39,1,0,LOW
TXN00009857,1,519.97,0,0,MEDIUM
TXN00009861,1,883.5,0,0,HIGH
TXN00009866,1,6769.33,0,0,MEDIUM
TXN00009867,1,9736.35,0,0,HIGH
TXN00009870,1,12334.0,1,0,MEDIUM
TXN00009880,1,731.59,0,1,CRITICAL
TXN00009897,2,3654.38,0,0,HIGH
TXN00009905,1,2251.54,0,0,MEDIUM
TXN00009920,1,1507.51,1,0,LOW
TXN00009923,1,2940.0,1,0,MEDIUM
TXN00009947,3,917.78,3,2,CRITICAL
TXN00009955,1,2132.38,1,0,MEDIUM
TXN00009961,1,983.39,1,0,LOW
TXN00009966,1,606.33,0,1,CRITICAL
TXN00009971,1,4849.0,1,0,LOW
TXN00009979,2,2678.0099999999998,1,0,MEDIUM
TXN00009981,1,1850.41,0,0,HIGH
TXN00009985,1,4262.78,1,0,LOW
TXN00009994,1,477.68,1,0,MEDIUM
TXN00009997,1,,0,0,MEDIUM
TXN00010007,1,2021.11,1,0,LOW
TXN00010013,1,314.65,1,0,HIGH
TXN00010018,1,,1,0,LOW
TXN00010034,1,305.0,1,1,CRITICAL
TXN00010035,1,7882.54,1,0,MEDIUM
TXN00010046,1,6572.39,0,0,MEDIUM
TXN00010055,1,3918.28,0,0,MEDIUM
TXN00010063,2,219.86,2,0,MEDIUM
TXN00010065,1,4146.46,0,0,LOW
TXN00010068,1,2128.78,1,0,LOW
TXN00010080,1,824.94,0,0,MEDIUM
TXN00010089,1,,1,0,LOW
TXN00010092,1,1533.39,1,0,LOW
TXN00010095,1,1820.01,0,0,LOW
TXN00010097,1,12885.17,1,0,LOW
TXN00010104,1,1912.26,1,0,HIGH
TXN00010126,1,1107.77,1,0,LOW
TXN00010146,1,2637.93,1,0,MEDIUM
TXN00010149,1,,1,1,CRITICAL
TXN00010167,1,,1,0,MEDIUM
TXN00010170,2,,0,0,MEDIUM
TXN00010177,1,690.45,1,0,HIGH
TXN00010182,1,1252.47,0,0,LOW
TXN00010193,1,,0,0,MEDIUM
TXN00010196,1,852.0,0,0,HIGH
TXN00010199,1,3450.0,1,0,HIGH
TXN00010202,1,1328.22,1,0,LOW
TXN00010208,1,687.82,1,0,LOW
TXN00010215,1,6899.7,1,0,MEDIUM
TXN00010218,2,2014.18,0,0,MEDIUM
TXN00010219,1,9344.29,1,0,HIGH
TXN00010220,2,8292.48,0,0,LOW
TXN00010227,1,258.0,0,0,HIGH
TXN00010231,1,,0,0,MEDIUM
TXN00010238,1,581.0,1,0,MEDIUM
TXN00010243,1,1043.0,0,0,LOW
TXN00010250,1,,1,0,LOW
TXN00010278,1,,0,0,HIGH
TXN00010287,1,852.14,0,1,CRITICAL
TXN00010292,1,982.39,1,0,MEDIUM
TXN00010298,1,534.44,1,1,CRITICAL
TXN00010316,1,1419.0,1,0,HIGH
TXN00010337,1,2203.0,1,0,LOW
TXN00010340,1,8382.0,1,0,MEDIUM
TXN00010355,1,,0,0,HIGH
TXN00010356,1,2359.0,0,0,HIGH
TXN00010362,1,721.17,1,0,MEDIUM
TXN00010372,1,307.0,1,1,CRITICAL
TXN00010376,1,3789.0,1,0,MEDIUM
TXN00010383,1,4163.19,0,0,LOW
TXN00010384,1,2047.46,1,0,MEDIUM
TXN00010389,2,,0,0,LOW
TXN00010395,1,4273.42,1,0,HIGH
TXN00010422,1,2144.03,0,0,MEDIUM
TXN00010423,1,1285.39,0,0,LOW
TXN00010428,1,2580.03,1,0,HIGH
TXN00010429,1,4066.0,1,0,LOW
TXN00010436,1,509.15,0,0,MEDIUM
TXN00010448,1,,0,0,HIGH
TXN00010449,1,1852.3,0,0,LOW
TXN00010450,1,1024.0,1,0,MEDIUM
TXN00010454,2,3025.25,1,0,LOW
TXN00010457,1,2161.39,1,1,CRITICAL
TXN00010461,1,300.44,1,0,LOW
TXN00010462,1,4246.38,0,0,LOW
TXN00010463,1,,1,0,MEDIUM
TXN00010478,2,3506.74,2,0,MEDIUM
TXN00010479,1,3691.3,0,0,MEDIUM
TXN00010497,1,1549.8,1,0,MEDIUM
TXN00010499,1,4579.0,1,0,LOW
TXN00010509,2,3420.75,2,0,HIGH
TXN00010511,1,12071.05,0,0,LOW
TXN00010512,2,3320.47,2,0,MEDIUM
TXN00010523,1,907.87,1,0,HIGH
TXN00010530,1,7652.76,1,0,HIGH
TXN00010549,1,6630.73,1,0,HIGH
TXN00010561,1,865.55,0,0,LOW
TXN00010566,1,3265.07,0,0,MEDIUM
TXN00010572,1,1964.0,0,0,HIGH
TXN00010601,1,1363.12,0,0,MEDIUM
TXN00010606,1,13028.67,0,0,HIGH
TXN00010607,1,397.65,0,0,HIGH
TXN00010611,1,1248.48,0,0,HIGH
TXN00010627,1,,0,0,LOW
TXN00010641,1,9500.5,1,1,CRITICAL
TXN00010646,2,12234.17,2,1,CRITICAL
TXN00010651,1,,1,0,HIGH
TXN00010659,1,,0,0,LOW
TXN00010666,1,1349.33,0,0,LOW
TXN00010667,1,276.61,1,0,LOW
TXN00010668,1,1305.45,1,0,MEDIUM
TXN00010672,1,2072.0,0,0,MEDIUM
TXN00010675,1,268.44,1,0,MEDIUM
TXN00010686,1,1379.0,0,1,CRITICAL
TXN00010691,1,518.38,0,0,MEDIUM
TXN00010699,1,428.88,1,1,CRITICAL
TXN00010700,1,393.01,1,0,MEDIUM
TXN00010702,1,3717.71,0,0,LOW
TXN00010704,1,2880.65,1,0,LOW
TXN00010709,1,372.66,0,0,MEDIUM
TXN00010731,1,1916.0,0,0,LOW
TXN00010744,1,748.64,0,0,MEDIUM
TXN00010745,1,,0,1,CRITICAL
TXN00010749,1,,1,0,LOW
TXN00010750,1,2928.89,0,0,MEDIUM
TXN00010760,1,1471.98,1,0,MEDIUM
TXN00010766,1,2510.0,1,0,LOW
TXN00010784,1,782.96,1,0,HIGH
TXN00010786,1,,0,0,MEDIUM
TXN00010792,1,923.46,1,0,LOW
TXN00010795,1,,1,0,LOW
TXN00010803,1,7913.77,1,0,MEDIUM
TXN00010810,2,1377.31,1,0,MEDIUM
TXN00010811,1,1744.0,0,0,HIGH
TXN00010812,2,3506.0,2,0,LOW
TXN00010816,1,1622.49,1,1,CRITICAL
TXN00010823,1,,1,0,MEDIUM
TXN00010832,1,1882.0,1,0,LOW
TXN00010834,1,1750.36,1,0,MEDIUM
TXN00010837,1,3555.94,0,0,LOW
TXN00010858,2,1248.0,2,0,MEDIUM
TXN00010864,1,2891.42,1,1,CRITICAL
TXN00010883,1,2301.28,0,1,CRITICAL
TXN00010888,1,925.14,0,0,LOW
TXN00010897,1,5022.43,1,0,HIGH
TXN00010902,1,3801.16,0,0,MEDIUM
TXN00010908,1,608.69,0,0,LOW
TXN00010916,1,2538.37,0,0,LOW
TXN00010920,2,5841.83,1,0,MEDIUM
TXN00010928,1,1538.0,0,0,HIGH
TXN00010938,1,4425.22,1,0,LOW
TXN00010946,1,562.29,0,0,HIGH
TXN00010949,1,2673.31,0,0,MEDIUM
TXN00010961,1,1126.18,0,0,LOW
TXN00010969,1,1918.05,1,0,LOW
TXN00010998,3,3715.73,1,2,CRITICAL
TXN00011027,3,8352.0,3,0,MEDIUM
TXN00011048,1,946.11,0,0,LOW
TXN00011061,1,,0,0,LOW
TXN00011080,2,5154.57,0,0,MEDIUM
TXN00011096,1,825.0,0,0,MEDIUM
TXN00011102,1,1825.45,1,0,LOW
TXN00011103,1,5968.43,0,0,LOW
TXN00011115,1,3037.16,1,0,LOW
TXN00011129,1,4888.42,0,0,MEDIUM
TXN00011136,1,,0,0,MEDIUM
TXN00011140,1,1790.94,1,0,MEDIUM
TXN00011141,2,2932.58,0,0,MEDIUM
TXN00011148,1,745.95,1,0,LOW
TXN00011150,1,3344.0,0,0,MEDIUM
TXN00011157,1,,1,0,MEDIUM
TXN00011160,1,1773.89,0,0,LOW
TXN00011168,1,5239.53,0,0,MEDIUM
TXN00011174,1,2412.7,1,0,MEDIUM
TXN00011204,1,,0,0,HIGH
TXN00011206,1,,0,0,LOW
TXN00011208,1,729.47,0,0,HIGH
TXN00011210,1,1853.91,1,0,MEDIUM
TXN00011212,1,,0,0,MEDIUM
TXN00011213,1,1071.93,0,0,LOW
TXN00011216,1,,0,1,CRITICAL
TXN00011228,1,9827.0,1,0,LOW
TXN00011230,1,,1,0,LOW
TXN00011231,1,4533.6,1,0,MEDIUM
TXN00011236,1,,0,0,LOW
TXN00011255,3,5747.65,2,0,HIGH
TXN00011260,1,292.66,0,0,MEDIUM
TXN00011270,2,2977.0,2,0,MEDIUM
TXN00011273,1,1062.27,0,1,CRITICAL
TXN00011275,1,10469.69,1,0,HIGH
TXN00011289,2,1340.0,1,1,CRITICAL
TXN00011307,1,4006.77,1,0,LOW
TXN00011308,1,16936.0,1,0,LOW
TXN00011332,1,529.68,0,0,MEDIUM
TXN00011350,1,188.6,0,0,MEDIUM
TXN00011351,1,4601.18,1,0,MEDIUM
TXN00011359,1,6170.83,0,0,MEDIUM
TXN00011368,1,3661.74,1,0,MEDIUM
TXN00011383,1,1933.11,0,0,MEDIUM
TXN00011390,1,681.66,0,0,HIGH
TXN00011396,1,205.54,1,0,HIGH
TXN00011403,2,3089.23,1,0,HIGH
TXN00011412,1,1142.95,0,0,LOW
TXN00011416,1,648.02,0,0,HIGH
TXN00011425,1,,1,0,MEDIUM
TXN00011430,1,,0,0,MEDIUM
TXN00011455,2,3012.1,1,0,MEDIUM
TXN00011466,1,860.0,1,0,HIGH
TXN00011475,1,,1,0,MEDIUM
TXN00011489,1,1419.0,0,0,LOW
TXN00011491,1,1506.11,1,0,LOW
TXN00011494,1,,0,0,LOW
TXN00011498,1,1209.77,1,0,LOW
TXN00011503,2,3250.67,1,0,HIGH
TXN00011510,1,7271.24,1,0,LOW
TXN00011522,1,1768.79,1,0,HIGH
TXN00011524,1,3021.0,0,0,LOW
TXN00011525,1,3875.84,1,0,MEDIUM
TXN00011527,1,1443.54,1,0,MEDIUM
TXN00011539,1,1528.98,1,0,HIGH
TXN00011546,1,3305.27,0,0,LOW
TXN00011553,1,1996.81,1,0,LOW
TXN00011560,1,2932.55,0,0,HIGH
TXN00011566,2,496.2,2,2,CRITICAL
TXN00011567,1,,0,0,MEDIUM
TXN00011579,1,4186.0,0,1,CRITICAL
TXN00011614,2,918.86,0,0,MEDIUM
TXN00011615,1,,0,0,MEDIUM
TXN00011619,1,,1,0,LOW
TXN00011621,1,,0,0,MEDIUM
TXN00011623,1,3487.78,0,0,HIGH
TXN00011628,1,6328.27,1,1,CRITICAL
TXN00011647,1,8725.14,1,0,HIGH
TXN00011648,1,2218.94,0,0,MEDIUM
TXN00011669,1,19475.24,1,0,MEDIUM
TXN00011689,1,473.27,0,0,LOW
TXN00011692,1,3309.0,1,0,MEDIUM
TXN00011700,1,14999.55,1,0,LOW
TXN00011788,1,4428.67,0,0,LOW
TXN00011825,1,3123.85,1,0,LOW
TXN00011829,1,,1,0,HIGH
TXN00011858,2,9993.63,1,0,MEDIUM
TXN00011866,1,628.55,0,0,LOW
TXN00011868,1,1080.46,1,0,LOW
TXN00011869,1,8004.21,0,1,CRITICAL
TXN00011877,1,728.14,1,0,MEDIUM
TXN00011889,1,1592.55,0,0,LOW
TXN00011891,1,146.7,1,0,HIGH
TXN00011898,1,2771.91,0,0,LOW
TXN00011910,1,3498.93,0,0,LOW
TXN00011912,1,2559.27,0,0,LOW
TXN00011934,1,,0,0,MEDIUM
TXN00011955,1,,1,0,LOW
TXN00011957,2,3972.42,2,0,MEDIUM
TXN00011962,1,6403.5,0,0,LOW
TXN00011968,1,,1,0,MEDIUM
TXN00011970,1,164.3,0,0,MEDIUM
TXN00011973,1,50.0,1,0,HIGH
TXN00011978,1,466.0,1,0,LOW
TXN00011981,1,17594.04,1,0,LOW
TXN00011998,1,,0,0,LOW
TXN00012003,1,1641.33,1,0,MEDIUM
TXN00012026,2,9310.0,0,0,LOW
TXN00012027,1,,0,0,LOW
TXN00012030,1,,0,0,LOW
TXN00012035,1,1897.14,1,0,MEDIUM
TXN00012038,1,,0,0,LOW
TXN00012039,1,966.0,1,0,HIGH
TXN00012046,1,2431.27,1,0,MEDIUM
TXN00012053,1,1200.13,0,1,CRITICAL
TXN00012054,1,666.76,1,0,HIGH
TXN00012064,1,786.31,1,0,MEDIUM
TXN00012089,1,1931.29,1,0,LOW
TXN00012093,1,3867.32,0,1,CRITICAL
TXN00012094,1,878.0,0,0,LOW
TXN00012098,1,708.0,0,0,LOW
TXN00012105,1,1866.96,1,0,LOW
TXN00012123,1,4232.74,0,0,MEDIUM
TXN00012133,2,8852.529999999999,2,0,MEDIUM
TXN00012142,1,355.28,0,0,HIGH
TXN00012155,1,348.42,1,0,MEDIUM
TXN00012156,1,,0,0,MEDIUM
TXN00012165,1,,1,0,LOW
TXN00012172,1,,0,0,LOW
TXN00012176,1,4272.46,0,0,LOW
TXN00012186,1,4466.44,1,0,LOW
TXN00012192,1,,1,0,MEDIUM
TXN00012193,1,1913.11,0,0,HIGH
TXN00012199,1,879.0,1,0,LOW
TXN00012205,1,2093.79,1,0,MEDIUM
TXN00012208,1,5802.45,0,0,MEDIUM
TXN00012210,1,1467.32,0,0,HIGH
TXN00012212,1,2586.86,1,0,LOW
TXN00012216,1,972.52,1,0,LOW
TXN00012234,1,1786.57,1,1,CRITICAL
TXN00012235,1,,1,0,MEDIUM
TXN00012239,1,6796.0,0,0,MEDIUM
TXN00012253,1,1245.84,1,1,CRITICAL
TXN00012289,1,5071.86,0,0,LOW
TXN00012306,2,,2,0,LOW
TXN00012331,1,1246.25,1,0,MEDIUM
TXN00012334,1,1521.74,1,0,HIGH
TXN00012346,1,1010.1,1,0,HIGH
TXN00012360,1,,0,0,LOW
TXN00012362,2,5148.1900000000005,1,1,CRITICAL
TXN00012370,1,,1,0,MEDIUM
TXN00012384,1,461.01,1,0,MEDIUM
TXN00012387,1,,0,0,MEDIUM
TXN00012389,1,1247.52,1,0,LOW
TXN00012392,1,687.06,1,0,MEDIUM
TXN00012401,1,13235.72,0,0,LOW
TXN00012403,1,,1,1,CRITICAL
TXN00012405,1,1837.0,0,0,MEDIUM
TXN00012406,1,,1,0,LOW
TXN00012423,1,591.32,0,0,HIGH
TXN00012434,1,2898.89,0,0,MEDIUM
TXN00012439,1,1778.59,0,0,MEDIUM
TXN00012446,1,1105.07,0,0,MEDIUM
TXN00012462,1,7714.0,0,0,LOW
TXN00012467,1,1654.78,1,0,LOW
TXN00012475,1,11540.0,1,0,LOW
TXN00012480,1,2178.0,0,0,HIGH
TXN00012491,1,,0,0,HIGH
TXN00012512,1,3164.0,0,0,MEDIUM
TXN00012527,1,2311.0,0,0,LOW
TXN00012539,1,7039.0,1,0,LOW
TXN00012543,1,,0,0,LOW
TXN00012545,1,886.93,0,0,HIGH
TXN00012553,1,901.62,0,0,LOW
TXN00012555,1,2740.59,1,0,LOW
TXN00012568,1,15086.0,1,0,LOW
TXN00012584,1,397.91,0,0,LOW
TXN00012588,1,1181.22,1,1,CRITICAL
TXN00012590,1,8645.0,0,1,CRITICAL
TXN00012596,1,1692.85,1,0,LOW
TXN00012615,1,2049.68,1,0,MEDIUM
TXN00012629,1,3056.74,1,0,MEDIUM
TXN00012639,1,3681.26,1,0,HIGH
TXN00012640,1,3800.84,1,0,HIGH
TXN00012645,1,,0,0,LOW
TXN00012649,1,2202.7,1,0,HIGH
TXN00012654,1,326.32,0,0,LOW
TXN00012655,1,5677.69,1,0,MEDIUM
TXN00012661,1,4457.64,0,0,MEDIUM
TXN00012665,1,3223.69,1,1,CRITICAL
TXN00012671,1,739.17,0,0,MEDIUM
TXN00012679,1,1851.93,1,0,MEDIUM
TXN00012698,1,2283.53,1,0,HIGH
TXN00012704,1,2025.76,0,0,HIGH
TXN00012709,1,,1,0,MEDIUM
TXN00012710,1,1691.84,1,0,LOW
TXN00012715,2,679.16,2,0,HIGH
TXN00012720,1,1297.0,0,0,LOW
TXN00012726,1,360.49,1,0,LOW
TXN00012727,1,847.6,0,1,CRITICAL
TXN00012729,1,1232.87,1,0,LOW
TXN00012741,1,863.52,1,0,MEDIUM
TXN00012764,2,10959.34,1,0,MEDIUM
TXN00012795,1,4081.84,0,0,MEDIUM
TXN00012801,1,2374.29,0,0,MEDIUM
TXN00012807,1,122.0,1,0,LOW
TXN00012810,2,,1,0,MEDIUM
TXN00012829,1,4506.23,0,0,HIGH
TXN00012832,1,,1,0,LOW
TXN00012860,2,9252.0,2,0,LOW
TXN00012872,1,4857.19,1,0,HIGH
TXN00012882,1,1791.89,0,0,MEDIUM
TXN00012893,2,,0,0,LOW
TXN00012902,1,586.88,1,0,LOW
TXN00012907,1,,0,0,LOW
TXN00012918,1,2316.9,0,0,MEDIUM
TXN00012927,1,10469.4,0,0,MEDIUM
TXN00012935,1,7997.0,1,0,LOW
TXN00012937,1,2574.17,0,0,MEDIUM
TXN00012938,1,3749.0,1,0,LOW
TXN00012946,2,3627.95,0,0,HIGH
TXN00012951,1,2826.0,0,0,LOW
TXN00012952,2,874.25,2,0,LOW
TXN00012958,1,1142.21,1,0,LOW
TXN00012972,1,1647.57,0,1,CRITICAL
TXN00012979,1,21185.86,0,0,LOW
TXN00012981,1,1168.0,1,0,HIGH
TXN00012989,1,2439.31,1,0,LOW
TXN00012990,1,3464.25,0,0,HIGH
TXN00012992,1,1617.78,1,0,LOW
TXN00012998,1,1570.15,0,0,HIGH
TXN00013005,1,3734.7,1,0,LOW
TXN00013006,1,,0,0,MEDIUM
TXN00013020,1,2027.64,1,0,MEDIUM
TXN00013029,1,1491.88,0,0,MEDIUM
TXN00013039,1,7884.27,0,0,MEDIUM
TXN00013042,1,5855.28,0,0,MEDIUM
TXN00013045,2,1889.29,0,0,LOW
TXN00013051,1,7272.0,1,0,LOW
TXN00013060,1,255.73,1,0,MEDIUM
TXN00013063,1,395.16,0,0,MEDIUM
TXN00013078,2,30866.46,2,1,CRITICAL
TXN00013090,1,1588.36,1,0,MEDIUM
TXN00013096,1,8307.14,0,1,CRITICAL
TXN00013098,1,,1,0,MEDIUM
TXN00013105,1,,0,0,LOW
TXN00013107,3,5623.62,2,0,HIGH
TXN00013111,1,,1,0,HIGH
TXN00013116,1,1464.53,0,0,MEDIUM
TXN00013117,1,355.32,1,1,CRITICAL
TXN00013127,1,1935.98,1,0,HIGH
TXN00013129,1,1549.0,0,0,LOW
TXN00013141,1,7638.7,1,1,CRITICAL
TXN00013144,1,688.92,1,0,HIGH
TXN00013147,1,4819.26,1,0,LOW
TXN00013162,2,3403.35,1,0,HIGH
TXN00013171,1,1091.17,1,0,HIGH
TXN00013175,1,917.0,1,0,HIGH
TXN00013194,1,,1,0,MEDIUM
TXN00013196,1,4814.0,1,0,MEDIUM
TXN00013202,1,1331.0,1,1,CRITICAL
TXN00013206,1,26477.69,1,0,HIGH
TXN00013230,1,1323.41,1,0,LOW
TXN00013236,1,6523.57,1,0,LOW
TXN00013237,1,405.0,1,0,MEDIUM
TXN00013246,1,5800.55,0,0,LOW
TXN00013258,1,6771.0,0,0,MEDIUM
TXN00013266,1,6391.92,1,0,HIGH
TXN00013273,1,465.76,1,0,HIGH
TXN00013275,1,666.32,1,0,MEDIUM
TXN00013293,2,1939.67,1,0,HIGH
TXN00013301,1,,0,0,HIGH
TXN00013323,1,1986.27,1,0,MEDIUM
TXN00013326,1,2161.57,1,0,MEDIUM
TXN00013350,1,1837.87,1,0,MEDIUM
TXN00013355,1,6746.58,0,0,LOW
TXN00013358,1,2097.39,0,0,LOW
TXN00013363,1,740.0,0,0,LOW
TXN00013367,1,18514.67,1,0,LOW
TXN00013381,2,2423.25,1,0,MEDIUM
TXN00013395,1,6485.64,0,0,MEDIUM
TXN00013396,1,203.0,1,0,LOW
TXN00013406,1,6052.19,1,0,HIGH
TXN00013412,1,90.88,0,0,LOW
TXN00013418,1,6925.85,0,0,MEDIUM
TXN00013423,1,498.7,1,0,MEDIUM
TXN00013424,1,3989.1,1,0,LOW
TXN00013432,1,616.19,0,0,LOW
TXN00013438,1,532.41,0,0,MEDIUM
TXN00013452,1,,1,0,MEDIUM
TXN00013472,1,4341.0,1,0,LOW
TXN00013473,1,2485.28,1,0,MEDIUM
TXN00013474,1,3303.95,1,0,LOW
TXN00013496,1,3536.59,0,0,LOW
TXN00013498,1,469.12,1,0,LOW
TXN00013500,1,,1,0,LOW
TXN00013503,1,2276.34,0,0,MEDIUM
TXN00013507,1,384.66,1,0,MEDIUM
TXN00013519,1,4980.8,1,0,HIGH
TXN00013524,1,2142.84,1,0,LOW
TXN00013526,1,1210.19,0,1,CRITICAL
TXN00013530,2,13780.14,2,1,CRITICAL
TXN00013531,1,2390.0,1,0,LOW
TXN00013539,1,1619.34,0,0,MEDIUM
TXN00013545,1,2483.0,0,0,LOW
TXN00013557,1,5693.78,1,0,LOW
TXN00013564,1,,1,0,MEDIUM
TXN00013581,1,162.44,0,0,LOW
TXN00013592,1,1528.43,0,0,LOW
TXN00013593,1,792.99,1,0,MEDIUM
TXN00013602,1,2090.68,1,1,CRITICAL
TXN00013623,2,9041.04,1,0,HIGH
TXN00013632,1,1178.89,1,0,MEDIUM
TXN00013636,1,8898.0,0,0,MEDIUM
TXN00013646,1,5986.31,1,0,LOW
TXN00013653,1,,1,0,MEDIUM
TXN00013665,1,,0,0,HIGH
TXN00013670,1,4375.63,0,0,MEDIUM
TXN00013687,1,506.18,1,0,HIGH
TXN00013693,1,1899.73,0,0,HIGH
TXN00013720,1,4933.23,1,0,LOW
TXN00013726,1,6019.31,1,0,HIGH
TXN00013740,2,650.92,2,0,MEDIUM
TXN00013741,2,3512.46,0,0,HIGH
TXN00013742,1,3062.43,1,0,HIGH
TXN00013744,1,1223.91,0,0,HIGH
TXN00013752,1,1283.33,1,0,HIGH
TXN00013763,1,306.11,1,0,MEDIUM
TXN00013806,1,6623.0,1,0,LOW
TXN00013810,1,4552.67,0,0,LOW
TXN00013811,1,2059.37,1,0,MEDIUM
TXN00013813,1,,0,0,MEDIUM
TXN00013816,1,,0,0,LOW
TXN00013826,1,,0,0,LOW
TXN00013866,1,,0,0,LOW
TXN00013883,1,3588.0,1,0,MEDIUM
TXN00013884,1,3072.71,1,0,HIGH
TXN00013900,1,1310.19,1,0,MEDIUM
TXN00013909,2,1285.1999999999998,0,1,CRITICAL
TXN00013910,1,877.44,1,0,HIGH
TXN00013912,1,,1,0,HIGH
TXN00013916,1,804.06,0,0,MEDIUM
TXN00013922,1,,1,0,MEDIUM
TXN00013925,1,3151.89,0,0,MEDIUM
TXN00013934,2,8215.3,2,0,HIGH
TXN00013935,1,1513.85,1,0,LOW
TXN00013948,1,7171.27,1,0,LOW
TXN00013962,1,1826.0,0,0,MEDIUM
TXN00013993,1,2111.63,1,0,LOW
TXN00013994,1,522.4,0,0,MEDIUM
TXN00014010,2,3767.1,2,0,HIGH
TXN00014011,1,1125.73,1,0,LOW
TXN00014015,1,1855.84,1,0,MEDIUM
TXN00014016,1,2538.7,1,0,LOW
TXN00014019,2,3936.95,1,0,MEDIUM
TXN00014032,1,358.19,1,0,LOW
TXN00014046,1,4405.58,1,0,LOW
TXN00014054,2,4010.97,0,0,LOW
TXN00014058,2,1591.3200000000002,2,2,CRITICAL
TXN00014060,1,613.53,0,1,CRITICAL
TXN00014062,1,1078.9,1,0,LOW
TXN00014076,1,1915.56,1,0,LOW
TXN00014077,1,411.2,1,0,HIGH
TXN00014086,2,4678.84,0,0,MEDIUM
TXN00014087,1,4901.36,0,0,LOW
TXN00014090,1,848.3,1,0,MEDIUM
TXN00014094,1,,1,0,MEDIUM
TXN00014106,1,1547.17,1,0,LOW
TXN00014118,1,3230.0,0,0,MEDIUM
TXN00014122,2,881.14,0,0,MEDIUM
TXN00014130,1,6351.69,1,0,MEDIUM
TXN00014145,1,3888.0,0,0,LOW
TXN00014147,1,2551.0,1,0,LOW
TXN00014155,1,2193.93,0,0,MEDIUM
TXN00014162,1,4363.63,1,0,LOW
TXN00014165,1,,1,0,MEDIUM
TXN00014178,1,431.5,0,0,LOW
TXN00014187,1,972.0,0,0,LOW
TXN00014222,1,2187.0,0,0,LOW
TXN00014225,1,,1,0,MEDIUM
TXN00014252,1,,1,1,CRITICAL
TXN00014261,1,,1,0,MEDIUM
TXN00014266,1,,1,0,MEDIUM
TXN00014268,1,1797.0,1,0,MEDIUM
TXN00014274,1,3293.82,0,0,MEDIUM
TXN00014276,1,637.61,1,0,MEDIUM
TXN00014288,1,4255.52,1,0,MEDIUM
TXN00014295,1,3265.64,0,0,LOW
TXN00014298,1,665.91,1,0,MEDIUM
TXN00014312,1,4063.03,1,0,LOW
TXN00014316,1,1017.0,1,0,LOW
TXN00014323,1,8749.79,0,0,LOW
TXN00014324,1,1724.56,0,0,MEDIUM
TXN00014331,1,,1,0,HIGH
TXN00014343,1,2893.0,1,0,MEDIUM
TXN00014346,1,,1,0,LOW
TXN00014355,2,842.31,2,0,MEDIUM
TXN00014359,2,7284.0,0,0,LOW
TXN00014364,1,2489.04,0,0,LOW
TXN00014367,1,996.14,1,0,LOW
TXN00014374,1,1445.01,0,0,LOW
TXN00014381,1,1523.0,0,0,HIGH
TXN00014390,1,793.04,1,0,LOW
TXN00014392,1,4520.19,0,0,LOW
TXN00014396,1,1107.61,0,0,HIGH
TXN00014399,2,1136.92,2,0,HIGH
TXN00014405,1,6441.32,0,0,LOW
TXN00014410,1,2302.66,1,0,MEDIUM
TXN00014412,1,,0,0,MEDIUM
TXN00014413,2,2399.47,2,0,MEDIUM
TXN00014418,1,1393.43,1,0,MEDIUM
TXN00014426,1,4193.52,1,0,MEDIUM
TXN00014436,1,5439.35,1,0,HIGH
TXN00014440,1,12244.08,1,0,HIGH
TXN00014450,1,2438.0,1,0,LOW
TXN00014452,1,,0,0,LOW
TXN00014454,1,752.03,0,0,LOW
TXN00014456,2,18916.34,2,0,LOW
TXN00014460,1,651.01,0,0,HIGH
TXN00014470,1,,0,0,LOW
TXN00014471,1,2509.27,1,0,HIGH
TXN00014488,1,7101.31,0,0,MEDIUM
TXN00014491,1,3840.0,1,0,LOW
TXN00014492,2,,1,0,HIGH
TXN00014496,1,554.76,1,0,LOW
TXN00014515,1,181.44,1,0,LOW
TXN00014522,1,1098.78,1,0,LOW
TXN00014532,1,4825.86,0,0,HIGH
TXN00014536,1,,1,0,MEDIUM
TXN00014545,1,1623.27,0,1,CRITICAL
TXN00014556,1,13308.54,1,0,MEDIUM
TXN00014566,1,2311.12,1,0,HIGH
TXN00014582,1,,1,0,HIGH
TXN00014583,2,13537.1,2,0,LOW
TXN00014584,1,25463.16,0,0,MEDIUM
TXN00014601,1,689.0,1,0,LOW
TXN00014618,1,1047.67,0,0,MEDIUM
TXN00014620,1,501.3,0,0,MEDIUM
TXN00014621,1,264.51,1,0,MEDIUM
TXN00014627,1,4363.55,1,0,MEDIUM
TXN00014638,2,11829.79,1,0,HIGH
TXN00014640,1,5247.0,0,0,LOW
TXN00014655,1,290.31,1,0,HIGH
TXN00014659,1,1093.6,1,1,CRITICAL
TXN00014669,1,1596.0,0,0,LOW
TXN00014670,1,1969.23,1,0,MEDIUM
TXN00014672,1,1817.11,1,0,HIGH
TXN00014673,1,749.06,0,0,MEDIUM
TXN00014680,1,6017.37,0,0,LOW
TXN00014697,1,4816.24,0,0,MEDIUM
TXN00014701,1,4452.29,1,0,HIGH
TXN00014710,1,3089.13,1,0,MEDIUM
TXN00014711,1,1709.84,1,0,LOW
TXN00014722,1,336.91,1,0,MEDIUM
TXN00014731,1,4988.8,0,0,MEDIUM
TXN00014733,1,1558.23,1,0,HIGH
TXN00014743,1,,1,0,MEDIUM
TXN00014751,1,,1,0,MEDIUM
TXN00014774,2,4956.36,0,0,LOW
TXN00014785,1,1176.91,1,0,LOW
TXN00014790,1,350.19,0,0,MEDIUM
TXN00014793,1,641.02,1,0,HIGH
TXN00014794,1,975.44,1,0,MEDIUM
TXN00014807,1,,1,1,CRITICAL
TXN00014809,1,1458.95,0,0,HIGH
TXN00014814,1,7081.78,1,0,LOW
TXN00014824,1,898.64,1,0,LOW
TXN00014835,1,2565.94,1,0,MEDIUM
TXN00014836,1,,0,0,LOW
TXN00014849,1,2302.0,0,0,HIGH
TXN00014853,1,415.04,1,0,MEDIUM
TXN00014868,1,367.0,1,0,MEDIUM
TXN00014870,1,10657.19,1,0,LOW
TXN00014880,1,3936.04,0,0,MEDIUM
TXN00014884,1,,1,0,MEDIUM
TXN00014885,1,573.0,1,0,HIGH
TXN00014905,1,797.17,1,0,MEDIUM
TXN00014926,1,2332.94,0,0,LOW
TXN00014927,1,,1,0,MEDIUM
TXN00014945,1,1720.02,0,0,MEDIUM
TXN00014966,1,10848.72,0,0,HIGH
TXN00014970,1,3336.7,1,0,MEDIUM
TXN00014973,2,1483.85,0,0,HIGH
TXN00014977,1,683.69,0,0,HIGH
TXN00015001,1,,1,1,CRITICAL
TXN00015006,1,3732.8,1,0,MEDIUM
TXN00015011,1,1339.61,1,0,LOW
TXN00015015,1,1247.41,0,0,MEDIUM
TXN00015023,1,946.63,1,0,HIGH
TXN00015034,1,8134.61,0,0,HIGH
TXN00015040,1,1568.41,1,0,LOW
TXN00015049,1,1148.57,1,0,MEDIUM
TXN00015053,1,,0,0,MEDIUM
TXN00015054,1,,1,0,MEDIUM
TXN00015064,1,981.9,1,0,MEDIUM
TXN00015080,1,17242.91,0,0,MEDIUM
TXN00015085,3,3569.92,3,0,MEDIUM
TXN00015086,1,1949.6,1,0,MEDIUM
TXN00015088,1,590.13,0,0,LOW
TXN00015091,1,20286.73,1,0,HIGH
TXN00015094,1,12640.85,1,0,LOW
TXN00015098,1,862.23,1,0,LOW
TXN00015102,1,1038.0,1,0,MEDIUM
TXN00015104,1,2517.56,0,0,LOW
TXN00015105,1,608.31,0,0,LOW
TXN00015106,1,4581.94,1,0,MEDIUM
TXN00015109,1,287.95,0,0,MEDIUM
TXN00015119,1,2069.0,0,0,LOW
TXN00015121,1,1504.76,0,0,MEDIUM
TXN00015125,1,967.0,1,0,MEDIUM
TXN00015126,1,2119.11,1,0,LOW
TXN00015136,1,661.74,1,0,LOW
TXN00015156,1,743.67,1,0,LOW
TXN00015166,1,732.38,1,0,HIGH
TXN00015175,1,381.32,1,1,CRITICAL
TXN00015176,1,519.74,1,1,CRITICAL
TXN00015183,1,4195.81,0,0,MEDIUM
TXN00015189,1,638.59,0,0,HIGH
TXN00015200,1,,0,0,LOW
TXN00015216,1,2997.0,1,1,CRITICAL
TXN00015223,1,1336.12,0,0,MEDIUM
TXN00015230,1,2419.56,1,0,HIGH
TXN00015234,1,10354.45,1,0,HIGH
TXN00015239,1,10770.37,1,0,LOW
TXN00015243,1,448.21,0,0,MEDIUM
TXN00015253,1,1700.27,1,0,LOW
TXN00015262,1,2260.38,1,0,LOW
TXN00015265,1,9117.57,0,0,MEDIUM
TXN00015268,1,4086.0,1,0,MEDIUM
TXN00015275,1,320.53,0,0,MEDIUM
TXN00015278,1,1070.58,0,0,MEDIUM
TXN00015289,1,2649.1,0,0,LOW
TXN00015300,1,753.9,1,0,MEDIUM
TXN00015310,1,3904.6,1,0,LOW
TXN00015316,1,930.83,1,0,HIGH
TXN00015318,1,3397.0,0,0,MEDIUM
TXN00015325,1,5464.95,0,0,MEDIUM
TXN00015341,2,12383.14,2,1,CRITICAL
TXN00015345,1,891.13,0,0,LOW
TXN00015350,1,676.77,1,0,LOW
TXN00015367,1,3023.77,1,1,CRITICAL
TXN00015372,2,2683.72,2,2,CRITICAL
TXN00015384,1,452.46,0,0,LOW
TXN00015397,2,7960.18,0,1,CRITICAL
TXN00015404,1,1356.41,1,0,LOW
TXN00015416,1,4100.6,0,0,LOW
TXN00015418,1,,1,0,MEDIUM
TXN00015427,1,1089.6,1,0,MEDIUM
TXN00015434,1,8317.58,1,0,MEDIUM
TXN00015440,1,,1,0,MEDIUM
TXN00015469,1,,1,0,MEDIUM
TXN00015474,1,879.08,0,0,MEDIUM
TXN00015481,1,2917.55,0,0,LOW
TXN00015492,1,2618.19,1,0,HIGH
TXN00015494,1,1459.8,0,1,CRITICAL
TXN00015495,1,448.1,1,0,MEDIUM
TXN00015499,1,1792.1,1,0,LOW
TXN00015520,1,578.15,1,1,CRITICAL
TXN00015532,1,90.26,1,1,CRITICAL
TXN00015571,1,722.56,0,0,MEDIUM
TXN00015576,2,2630.4500000000003,2,0,HIGH
TXN00015587,1,11364.57,1,0,LOW
TXN00015594,2,6385.46,1,1,CRITICAL
TXN00015597,1,5141.83,0,0,LOW
TXN00015627,1,4853.7,0,0,MEDIUM
TXN00015632,1,386.01,1,0,LOW
TXN00015644,1,4307.19,1,0,MEDIUM
TXN00015649,1,2175.05,0,0,HIGH
TXN00015653,1,3491.1,0,0,MEDIUM
TXN00015657,1,1966.13,0,0,LOW
TXN00015661,1,1840.53,1,0,HIGH
TXN00015663,1,5021.55,1,0,MEDIUM
TXN00015673,1,,0,0,MEDIUM
TXN00015679,1,221.0,0,0,LOW
TXN00015686,1,4354.56,0,0,MEDIUM
TXN00015688,1,3314.0,1,0,MEDIUM
TXN00015694,1,2581.01,1,0,LOW
TXN00015715,1,9730.68,1,0,LOW
TXN00015728,1,791.9,0,0,LOW
TXN00015729,1,5873.9,0,0,HIGH
TXN00015731,1,,1,0,HIGH
TXN00015733,1,2313.86,0,0,MEDIUM
TXN00015761,2,7479.95,2,0,LOW
TXN00015766,2,2783.51,1,0,HIGH
TXN00015767,1,1904.98,0,0,MEDIUM
TXN00015777,1,,1,0,LOW
TXN00015779,2,5814.0,2,0,HIGH
TXN00015780,1,1404.29,1,0,MEDIUM
TXN00015781,2,9559.32,2,0,HIGH
TXN00015783,1,2852.68,1,0,HIGH
TXN00015786,1,14485.22,1,0,MEDIUM
TXN00015787,1,8787.96,0,0,HIGH
TXN00015798,2,11953.38,2,0,LOW
TXN00015815,1,458.03,1,0,LOW
TXN00015825,1,272.77,0,1,CRITICAL
TXN00015831,1,3377.0,0,0,HIGH
TXN00015855,2,9916.58,1,0,MEDIUM
TXN00015883,1,2183.47,0,0,MEDIUM
TXN00015884,1,247.02,1,0,HIGH
TXN00015908,1,540.0,1,0,MEDIUM
TXN00015911,1,1701.23,0,0,HIGH
TXN00015922,1,,1,0,HIGH
TXN00015926,1,851.0,1,0,MEDIUM
TXN00015930,1,8611.05,0,0,LOW
TXN00015934,1,1508.23,0,0,HIGH
TXN00015944,1,1459.42,1,0,LOW
TXN00015951,1,607.62,1,0,MEDIUM
TXN00015953,1,,0,0,LOW
TXN00015963,1,3356.0,1,0,MEDIUM
TXN00015972,1,8836.22,0,1,CRITICAL
TXN00015982,1,3445.69,1,0,LOW
TXN00015990,1,,1,1,CRITICAL
TXN00015992,1,6937.41,0,0,HIGH
TXN00015997,1,1370.91,1,0,LOW
TXN00016001,2,1805.71,1,0,HIGH
TXN00016017,1,,1,0,HIGH
TXN00016035,1,2162.74,1,0,MEDIUM
TXN00016038,1,447.63,0,0,HIGH
TXN00016040,1,3127.0,1,0,LOW
TXN00016050,1,1426.42,0,0,MEDIUM
TXN00016055,1,509.0,0,0,HIGH
TXN00016057,1,3429.16,0,0,HIGH
TXN00016061,1,,0,0,MEDIUM
TXN00016070,1,2123.39,0,0,MEDIUM
TXN00016086,1,756.07,1,0,HIGH
TXN00016107,1,800.72,1,0,LOW
TXN00016135,1,830.69,1,0,MEDIUM
TXN00016138,1,2973.45,1,0,LOW
TXN00016151,1,1236.73,1,0,LOW
TXN00016160,1,604.17,0,0,MEDIUM
TXN00016165,1,4335.54,0,0,HIGH
TXN00016173,1,8263.92,0,0,LOW
TXN00016182,1,237.88,0,0,LOW
TXN00016188,1,1305.41,1,0,HIGH
TXN00016195,1,471.0,1,0,LOW
TXN00016196,1,,1,0,MEDIUM
TXN00016199,1,4366.91,1,0,HIGH
TXN00016200,3,4291.52,1,0,HIGH
TXN00016205,1,3052.0,0,0,LOW
TXN00016207,2,2011.3200000000002,1,0,HIGH
TXN00016211,1,,0,0,HIGH
TXN00016267,1,1756.0,0,0,HIGH
TXN00016286,2,2687.42,1,0,MEDIUM
TXN00016295,1,10226.59,1,0,MEDIUM
TXN00016308,1,3857.22,1,0,LOW
TXN00016316,1,5742.0,0,0,LOW
TXN00016322,2,3024.0,0,0,LOW
TXN00016325,1,1085.5,0,0,MEDIUM
TXN00016326,1,905.23,1,0,LOW
TXN00016348,1,2797.85,0,0,LOW
TXN00016351,1,2366.0,0,0,HIGH
TXN00016352,1,6616.61,1,0,MEDIUM
TXN00016365,1,287.37,0,0,LOW
TXN00016367,1,6490.82,1,0,MEDIUM
TXN00016378,1,403.8,1,0,HIGH
TXN00016394,2,1503.32,2,0,HIGH
TXN00016400,1,1616.81,0,0,MEDIUM
TXN00016401,1,5981.0,0,0,HIGH
TXN00016408,1,5179.58,0,0,LOW
TXN00016424,1,1444.48,0,0,HIGH
TXN00016429,1,276.59,0,0,MEDIUM
TXN00016456,1,3977.66,1,0,LOW
TXN00016461,1,,1,0,HIGH
TXN00016465,1,1819.68,0,0,HIGH
TXN00016469,2,13428.48,2,1,CRITICAL
TXN00016470,2,1947.05,2,0,HIGH
TXN00016493,1,1664.55,0,0,LOW
TXN00016496,1,5996.21,0,1,CRITICAL
TXN00016497,1,3794.91,1,0,MEDIUM
TXN00016498,1,3489.66,0,0,HIGH
TXN00016521,1,2697.0,1,0,LOW
TXN00016536,1,406.58,1,1,CRITICAL
TXN00016541,1,1089.44,1,0,MEDIUM
TXN00016545,1,268.66,1,0,MEDIUM
TXN00016557,1,3670.72,1,0,MEDIUM
TXN00016562,1,709.53,0,0,LOW
TXN00016574,1,2828.9,0,0,MEDIUM
TXN00016579,1,1345.55,0,0,MEDIUM
TXN00016585,1,,1,0,MEDIUM
TXN00016593,1,6511.97,0,0,MEDIUM
TXN00016623,1,818.66,1,0,HIGH
TXN00016633,1,3329.74,1,0,HIGH
TXN00016636,1,6720.23,0,0,MEDIUM
TXN00016639,1,2539.68,1,0,HIGH
TXN00016644,1,898.0,0,0,HIGH
TXN00016648,1,1142.0,1,0,MEDIUM
TXN00016662,1,4341.13,1,0,LOW
TXN00016671,1,1587.1,0,0,LOW
TXN00016673,1,1675.84,0,0,LOW
TXN00016683,1,8248.74,0,0,MEDIUM
TXN00016687,1,15660.34,0,0,MEDIUM
TXN00016689,1,2052.97,1,0,LOW
TXN00016708,1,2567.69,1,0,MEDIUM
TXN00016714,1,,1,0,MEDIUM
TXN00016715,1,1128.27,0,0,MEDIUM
TXN00016717,1,3272.08,1,0,MEDIUM
TXN00016719,1,2956.42,0,0,LOW
TXN00016726,1,2235.82,0,0,HIGH
TXN00016736,1,15548.64,0,0,MEDIUM
TXN00016739,1,10606.78,1,0,LOW
TXN00016742,1,1163.64,1,0,LOW
TXN00016749,1,,0,0,MEDIUM
TXN00016753,1,390.5,1,0,LOW
TXN00016754,2,5126.76,0,0,LOW
TXN00016756,1,455.72,0,0,MEDIUM
TXN00016767,1,1273.0,0,0,HIGH
TXN00016774,1,9878.08,1,1,CRITICAL
TXN00016780,1,1017.31,1,0,LOW
TXN00016806,2,1509.8,0,0,MEDIUM
TXN00016813,1,9012.82,1,0,HIGH
TXN00016822,1,3058.22,1,0,LOW
TXN00016836,1,,1,0,MEDIUM
TXN00016837,1,,0,0,HIGH
TXN00016840,1,276.74,1,0,HIGH
TXN00016875,1,,1,0,LOW
TXN00016877,1,3046.01,0,0,MEDIUM
TXN00016878,1,2996.76,0,0,LOW
TXN00016890,1,2406.47,1,0,LOW
TXN00016892,1,1942.12,1,0,HIGH
TXN00016902,1,1595.05,1,0,LOW
TXN00016908,1,2938.45,1,0,LOW
TXN00016911,1,1895.66,0,0,MEDIUM
TXN00016915,1,886.36,0,0,MEDIUM
TXN00016920,1,2798.0,0,0,MEDIUM
TXN00016937,1,,0,0,MEDIUM
TXN00016939,1,27330.78,0,1,CRITICAL
TXN00016940,2,7669.97,0,0,MEDIUM
TXN00016957,1,1444.28,0,0,LOW
TXN00016961,2,942.21,2,1,CRITICAL
TXN00016966,1,1081.02,0,0,LOW
TXN00016968,1,1768.72,0,0,MEDIUM
TXN00016978,1,3895.0,0,0,MEDIUM
TXN00016982,1,662.25,1,0,MEDIUM
TXN00016988,1,,0,0,MEDIUM
TXN00017004,1,645.98,1,1,CRITICAL
TXN00017005,1,10880.54,1,0,MEDIUM
TXN00017012,1,990.42,0,0,MEDIUM
TXN00017025,1,,0,0,LOW
TXN00017037,1,1937.0,0,0,HIGH
TXN00017039,1,1306.0,0,0,LOW
TXN00017040,1,2935.06,1,0,MEDIUM
TXN00017041,1,,1,0,HIGH
TXN00017042,2,3414.0,0,0,LOW
TXN00017045,1,1409.0,1,0,MEDIUM
TXN00017047,1,1731.53,1,0,LOW
TXN00017055,1,226.51,0,0,HIGH
TXN00017060,1,575.09,0,0,LOW
TXN00017072,1,15432.0,1,0,HIGH
TXN00017080,1,687.73,0,0,LOW
TXN00017091,1,2254.1,1,0,HIGH
TXN00017098,1,1358.37,0,0,MEDIUM
TXN00017102,1,193.64,0,0,MEDIUM
TXN00017113,1,580.57,1,0,MEDIUM
TXN00017134,1,,0,0,LOW
TXN00017140,1,589.03,0,0,MEDIUM
TXN00017149,1,1317.13,1,0,HIGH
TXN00017156,2,2089.48,1,0,MEDIUM
TXN00017157,1,738.08,1,0,MEDIUM
TXN00017169,2,1393.26,0,0,LOW
TXN00017175,1,,1,0,HIGH
TXN00017184,1,3231.22,0,0,MEDIUM
TXN00017185,1,384.18,1,0,MEDIUM
TXN00017191,2,2345.0,1,0,MEDIUM
TXN00017193,1,2406.17,1,0,MEDIUM
TXN00017196,1,9937.63,1,0,MEDIUM
TXN00017204,1,,0,0,MEDIUM
TXN00017209,1,1552.09,0,0,MEDIUM
TXN00017214,1,,1,0,MEDIUM
TXN00017223,1,,0,0,LOW
TXN00017225,1,4972.38,1,0,LOW
TXN00017227,1,2799.72,1,0,HIGH
TXN00017229,1,796.1,1,0,MEDIUM
TXN00017235,1,18567.74,1,0,MEDIUM
TXN00017240,1,7674.03,1,0,LOW
TXN00017251,1,6191.71,0,0,MEDIUM
TXN00017265,1,2120.67,0,0,LOW
TXN00017266,1,260.19,1,0,HIGH
TXN00017286,1,497.0,0,0,MEDIUM
TXN00017298,1,3871.95,0,0,MEDIUM
TXN00017300,1,2554.87,1,0,HIGH
TXN00017315,1,704.73,1,0,HIGH
TXN00017317,1,8056.19,1,0,MEDIUM
TXN00017327,1,1722.43,1,0,LOW
TXN00017336,1,3087.13,0,1,CRITICAL
TXN00017340,1,1945.77,1,0,LOW
TXN00017349,1,1441.68,0,0,MEDIUM
TXN00017357,1,3043.82,1,1,CRITICAL
TXN00017361,1,1755.45,1,0,LOW
TXN00017368,1,,1,0,MEDIUM
TXN00017372,1,1275.74,0,0,HIGH
TXN00017373,1,4758.01,1,0,MEDIUM
TXN00017377,1,9493.15,1,0,MEDIUM
TXN00017387,1,303.26,1,0,MEDIUM
TXN00017396,1,642.07,1,0,HIGH
TXN00017399,1,685.65,0,1,CRITICAL
TXN00017402,1,2837.81,0,0,LOW
TXN00017408,1,836.19,1,0,LOW
TXN00017412,1,1505.0,1,0,LOW
TXN00017414,1,12249.71,0,0,HIGH
TXN00017418,1,1350.91,1,0,LOW
TXN00017424,1,9374.52,1,0,MEDIUM
TXN00017437,2,1311.0,2,0,MEDIUM
TXN00017441,1,766.94,1,0,HIGH
TXN00017444,1,252.18,1,0,MEDIUM
TXN00017451,1,1007.69,1,0,LOW
TXN00017457,1,,1,0,LOW
TXN00017462,1,,0,0,LOW
TXN00017469,1,1016.01,0,0,LOW
TXN00017471,1,918.63,0,0,HIGH
TXN00017472,1,14012.62,0,1,CRITICAL
TXN00017504,1,12647.35,1,0,LOW
TXN00017510,1,788.58,0,0,HIGH
TXN00017513,1,24586.31,0,0,LOW
TXN00017532,1,2971.18,0,0,LOW
TXN00017548,1,6612.88,0,0,MEDIUM
TXN00017555,1,2069.43,1,0,LOW
TXN00017565,1,3265.92,1,0,MEDIUM
TXN00017581,2,1299.7,0,1,CRITICAL
TXN00017590,1,740.63,1,0,MEDIUM
TXN00017591,1,6180.12,0,0,MEDIUM
TXN00017598,1,819.3,0,0,MEDIUM
TXN00017607,1,291.0,1,0,LOW
TXN00017642,2,3011.92,0,0,HIGH
TXN00017647,2,7354.12,2,0,MEDIUM
TXN00017653,1,4402.84,1,0,MEDIUM
TXN00017656,1,,0,0,MEDIUM
TXN00017658,1,845.38,1,0,MEDIUM
TXN00017663,1,8257.96,1,0,HIGH
TXN00017675,1,,1,0,MEDIUM
TXN00017688,1,433.23,0,0,MEDIUM
TXN00017706,1,1159.44,0,0,LOW
TXN00017717,1,24414.54,1,0,LOW
TXN00017718,1,1451.78,0,0,LOW
TXN00017737,1,1419.1,0,1,CRITICAL
TXN00017740,1,2328.0,1,0,MEDIUM
TXN00017748,2,10015.0,0,0,LOW
TXN00017755,1,3261.84,0,0,MEDIUM
TXN00017791,1,2658.78,1,0,MEDIUM
TXN00017797,1,1590.47,1,0,HIGH
TXN00017802,1,1303.05,0,0,HIGH
TXN00017826,1,5617.04,1,0,LOW
TXN00017838,1,,0,0,HIGH
TXN00017847,2,1428.0,0,0,HIGH
TXN00017864,1,,1,0,HIGH
TXN00017871,2,5375.87,1,0,HIGH
TXN00017876,1,638.04,1,0,HIGH
TXN00017882,1,732.66,1,0,HIGH
TXN00017891,1,3343.99,0,1,CRITICAL
TXN00017893,1,4556.84,1,0,LOW
TXN00017897,1,1234.0,0,0,MEDIUM
TXN00017905,1,2185.09,0,0,LOW
TXN00017915,2,3064.84,0,0,MEDIUM
TXN00017923,1,1055.53,0,0,MEDIUM
TXN00017925,1,1402.12,1,0,MEDIUM
TXN00017926,1,5338.83,1,0,LOW
TXN00017932,1,4452.54,1,1,CRITICAL
TXN00017953,1,6427.42,0,0,MEDIUM
TXN00017962,1,2741.61,1,0,LOW
TXN00017969,1,2501.0,1,0,MEDIUM
TXN00017992,2,2831.77,0,0,LOW
TXN00017995,2,3837.02,0,0,MEDIUM
TXN00018011,2,926.6199999999999,1,0,HIGH
TXN00018012,1,722.5,0,0,LOW
TXN00018017,1,1017.08,1,0,MEDIUM
TXN00018020,1,1238.72,0,0,LOW
TXN00018024,1,,0,0,MEDIUM
TXN00018031,1,,0,0,MEDIUM
TXN00018041,1,479.19,1,0,LOW
TXN00018048,1,2467.08,1,0,HIGH
TXN00018053,1,1619.1,0,0,LOW
TXN00018059,1,,0,0,MEDIUM
TXN00018064,1,590.0,0,0,MEDIUM
TXN00018065,1,4568.57,1,0,LOW
TXN00018071,1,3289.2,0,0,MEDIUM
TXN00018073,1,171.37,1,0,LOW
TXN00018079,1,8988.28,0,0,MEDIUM
TXN00018087,1,2152.04,0,0,LOW
TXN00018097,2,5045.32,0,0,HIGH
TXN00018105,1,2703.6,0,0,LOW
TXN00018113,1,987.42,0,0,LOW
TXN00018114,1,2570.74,1,0,MEDIUM
TXN00018116,1,1239.17,1,0,LOW
TXN00018122,1,5694.69,1,0,MEDIUM
TXN00018123,1,3146.39,0,0,LOW
TXN00018137,1,7022.75,1,0,MEDIUM
TXN00018141,1,4311.27,0,0,MEDIUM
TXN00018148,1,2197.15,1,0,LOW
TXN00018150,1,1285.26,1,0,MEDIUM
TXN00018160,1,482.0,1,0,MEDIUM
TXN00018185,1,660.0,1,1,CRITICAL
TXN00018187,1,,0,0,MEDIUM
TXN00018188,1,609.57,1,1,CRITICAL
TXN00018190,1,3985.84,0,0,MEDIUM
TXN00018193,1,,0,0,LOW
TXN00018203,2,2807.08,0,0,LOW
TXN00018217,1,1300.73,1,0,HIGH
TXN00018221,1,119.0,1,0,LOW
TXN00018222,1,1611.0,0,0,LOW
TXN00018235,1,5681.16,0,0,HIGH
TXN00018250,1,4835.58,0,0,LOW
TXN00018275,1,894.24,0,0,LOW
TXN00018296,1,849.13,0,0,MEDIUM
TXN00018300,1,3125.63,1,0,LOW
TXN00018308,1,5058.0,1,0,HIGH
TXN00018314,2,3270.26,2,0,MEDIUM
TXN00018324,1,1624.65,1,0,LOW
TXN00018342,1,2231.66,1,1,CRITICAL
TXN00018344,1,9060.0,0,0,HIGH
TXN00018348,1,1207.49,0,0,LOW
TXN00018357,1,13142.13,1,0,MEDIUM
TXN00018358,1,,0,0,HIGH
TXN00018359,1,333.0,1,0,LOW
TXN00018367,1,1495.59,0,0,MEDIUM
TXN00018381,1,528.22,1,0,LOW
TXN00018387,1,741.15,1,0,MEDIUM
TXN00018402,1,1848.85,0,0,LOW
TXN00018414,1,3972.17,1,0,HIGH
TXN00018418,1,671.84,1,0,HIGH
TXN00018420,1,2274.67,1,0,HIGH
TXN00018423,1,1074.0,1,0,HIGH
TXN00018467,1,688.0,1,0,MEDIUM
TXN00018481,1,776.76,0,0,MEDIUM
TXN00018489,1,267.92,0,0,HIGH
TXN00018498,1,1779.0,0,0,LOW
TXN00018501,1,1061.55,1,0,LOW
TXN00018504,1,2887.1,0,0,LOW
TXN00018518,1,2159.7,0,0,LOW
TXN00018525,1,263.29,1,0,LOW
TXN00018528,1,3336.11,0,0,MEDIUM
TXN00018536,1,1257.97,1,0,HIGH
TXN00018546,1,7492.62,0,0,HIGH
TXN00018559,1,9404.0,0,0,LOW
TXN00018578,1,4970.0,1,0,MEDIUM
TXN00018597,1,2898.66,1,0,MEDIUM
TXN00018599,1,576.0,0,0,MEDIUM
TXN00018603,1,3615.07,0,1,CRITICAL
TXN00018611,1,1143.89,1,0,MEDIUM
TXN00018643,1,,1,0,LOW
TXN00018653,1,2423.45,0,0,LOW
TXN00018659,1,4959.68,0,1,CRITICAL
TXN00018666,1,1677.0,1,0,MEDIUM
TXN00018670,1,3883.93,0,0,MEDIUM
TXN00018681,2,11050.88,2,0,MEDIUM
TXN00018686,1,530.01,1,0,MEDIUM
TXN00018703,1,1513.0,1,1,CRITICAL
TXN00018705,1,325.69,1,0,LOW
TXN00018717,1,4563.14,1,0,LOW
TXN00018727,1,10161.06,1,0,HIGH
TXN00018732,1,2042.84,1,0,HIGH
TXN00018738,1,1179.22,1,0,LOW
TXN00018753,1,12010.0,1,0,LOW
TXN00018761,1,1500.59,1,0,LOW
TXN00018781,1,428.55,0,0,LOW
TXN00018783,1,11640.86,1,0,LOW
TXN00018812,1,15054.0,1,0,HIGH
TXN00018820,1,7255.27,0,0,LOW
TXN00018827,1,2231.59,0,0,MEDIUM
TXN00018833,1,,0,1,CRITICAL
TXN00018837,1,1260.53,0,0,HIGH
TXN00018840,1,1901.24,0,0,HIGH
TXN00018842,1,1397.32,0,0,MEDIUM
TXN00018844,1,6620.7,1,0,MEDIUM
TXN00018851,1,2087.83,1,0,HIGH
TXN00018868,1,180.66,0,0,HIGH
TXN00018872,1,4001.57,0,0,MEDIUM
TXN00018877,1,2653.61,1,1,CRITICAL
TXN00018880,1,2224.0,0,0,LOW
TXN00018881,1,2108.9,1,0,HIGH
TXN00018888,1,,0,0,MEDIUM
TXN00018891,1,2154.46,0,0,HIGH
TXN00018893,1,3450.22,1,0,MEDIUM
TXN00018901,1,2585.0,1,0,LOW
TXN00018905,1,547.94,1,0,HIGH
TXN00018916,1,1889.0,1,0,MEDIUM
TXN00018932,1,1825.0,1,0,HIGH
TXN00018937,1,1097.4,0,1,CRITICAL
TXN00018943,1,2326.89,0,0,LOW
TXN00018948,1,959.89,1,0,MEDIUM
TXN00018954,1,3630.2,0,0,HIGH
TXN00018961,1,409.0,0,0,LOW
TXN00018975,1,701.39,0,0,HIGH
TXN00018979,1,2995.87,1,0,MEDIUM
TXN00018989,1,2703.0,1,0,HIGH
TXN00018991,1,5661.32,1,0,MEDIUM
TXN00018996,1,1863.8,0,0,LOW
TXN00019000,1,595.88,0,0,LOW
TXN00019004,1,,1,0,MEDIUM
TXN00019006,1,,0,0,MEDIUM
TXN00019009,1,1552.99,1,0,HIGH
TXN00019010,1,983.91,1,0,LOW
TXN00019027,1,800.24,0,0,MEDIUM
TXN00019042,1,1241.09,0,0,MEDIUM
TXN00019043,1,215.0,1,0,HIGH
TXN00019045,1,4841.06,1,0,MEDIUM
TXN00019048,1,1913.71,0,0,HIGH
TXN00019091,1,11124.0,1,0,MEDIUM
TXN00019098,1,536.94,1,0,MEDIUM
TXN00019111,1,1094.0,0,0,HIGH
TXN00019135,1,,1,0,MEDIUM
TXN00019136,1,264.95,1,0,HIGH
TXN00019145,1,10111.0,1,0,MEDIUM
TXN00019162,1,2538.07,1,0,LOW
TXN00019163,1,1202.2,0,0,HIGH
TXN00019164,1,1364.5,1,0,LOW
TXN00019169,1,8504.48,1,0,HIGH
TXN00019171,1,3429.44,0,0,LOW
TXN00019180,1,163.0,1,0,HIGH
TXN00019193,1,1004.32,0,0,HIGH
TXN00019200,1,1186.0,1,0,MEDIUM
TXN00019208,1,1146.96,0,0,MEDIUM
TXN00019209,1,13306.35,1,0,LOW
TXN00019212,2,4181.36,1,0,MEDIUM
TXN00019221,1,596.6,0,0,MEDIUM
TXN00019231,1,1213.34,1,0,LOW
TXN00019233,1,1007.91,0,0,LOW
TXN00019236,1,3160.25,0,0,HIGH
TXN00019245,2,5811.0,0,0,MEDIUM
TXN00019262,1,385.0,1,0,LOW
TXN00019269,1,2732.12,0,0,MEDIUM
TXN00019297,1,1314.28,1,0,LOW
TXN00019309,1,6862.58,1,0,HIGH
TXN00019340,1,1486.0,0,0,HIGH
TXN00019343,1,4178.65,1,1,CRITICAL
TXN00019345,1,,1,0,MEDIUM
TXN00019356,1,6782.66,0,0,HIGH
TXN00019376,1,439.77,1,0,HIGH
TXN00019385,1,1082.82,1,0,HIGH
TXN00019392,1,16244.17,0,0,HIGH
TXN00019402,1,,1,0,MEDIUM
TXN00019409,1,,1,0,MEDIUM
TXN00019414,1,996.0,1,1,CRITICAL
TXN00019434,1,7211.97,1,0,MEDIUM
TXN00019470,1,3505.15,0,0,LOW
TXN00019488,1,6544.91,0,0,MEDIUM
TXN00019490,1,1314.21,0,1,CRITICAL
TXN00019503,1,1537.27,1,0,LOW
TXN00019525,1,5874.15,1,0,LOW
TXN00019528,1,2653.08,0,0,MEDIUM
TXN00019537,1,613.06,0,0,MEDIUM
TXN00019539,1,671.14,1,0,LOW
TXN00019555,1,15606.92,1,0,LOW
TXN00019558,1,1769.97,0,0,LOW
TXN00019560,1,4923.1,1,1,CRITICAL
TXN00019564,1,17075.88,1,0,LOW
TXN00019571,1,475.0,1,0,MEDIUM
TXN00019581,1,1017.95,0,0,LOW
TXN00019588,1,,0,0,MEDIUM
TXN00019589,2,4300.0,0,0,HIGH
TXN00019596,1,2991.63,0,0,HIGH
TXN00019601,1,9956.85,0,0,HIGH
TXN00019626,1,781.0,0,0,MEDIUM
TXN00019644,1,1335.62,1,0,LOW
TXN00019651,1,7485.82,0,0,HIGH
TXN00019652,1,1289.49,1,1,CRITICAL
TXN00019657,1,18735.0,0,0,MEDIUM
TXN00019659,1,2545.52,0,0,MEDIUM
TXN00019661,1,,0,0,HIGH
TXN00019667,1,,1,0,MEDIUM
TXN00019669,2,3545.43,1,0,MEDIUM
TXN00019681,1,9661.7,0,0,HIGH
TXN00019683,1,,1,0,MEDIUM
TXN00019695,1,1782.96,1,0,MEDIUM
TXN00019708,1,1943.24,1,0,LOW
TXN00019710,1,739.61,0,0,HIGH
TXN00019717,1,1122.85,0,0,LOW
TXN00019719,1,4373.83,0,0,HIGH
TXN00019722,1,11641.0,1,0,HIGH
TXN00019737,1,174.11,0,0,MEDIUM
TXN00019738,1,584.74,0,0,LOW
TXN00019762,1,978.26,0,0,HIGH
TXN00019768,1,537.48,0,0,HIGH
TXN00019782,1,2150.18,0,0,HIGH
TXN00019784,1,2591.32,0,0,LOW
TXN00019786,1,1377.81,1,1,CRITICAL
TXN00019791,1,376.0,0,0,LOW
TXN00019810,1,2801.1,0,0,HIGH
TXN00019824,1,755.08,0,1,CRITICAL
TXN00019834,1,41457.94,0,0,LOW
TXN00019838,1,2926.76,1,1,CRITICAL
TXN00019856,1,,1,0,HIGH
TXN00019872,1,2597.87,1,0,MEDIUM
TXN00019876,1,2134.32,1,0,LOW
TXN00019885,1,2738.74,1,0,MEDIUM
TXN00019898,1,861.86,0,0,MEDIUM
TXN00019900,1,4072.76,1,0,MEDIUM
TXN00019908,1,14932.0,1,0,LOW
TXN00019912,1,2124.72,1,0,LOW
TXN00019914,1,3065.07,1,0,MEDIUM
TXN00019934,1,,1,0,LOW
TXN00019939,1,1954.14,0,0,MEDIUM
TXN00019943,1,728.13,1,0,LOW
TXN00019947,1,3167.22,1,0,MEDIUM
TXN00019956,1,503.49,1,0,LOW
TXN00019971,1,8720.88,0,0,LOW
TXN00019983,1,8084.93,0,0,HIGH
TXN30234,1,1915.5,0,0,MEDIUM
TXN31469,1,2300.99,1,1,CRITICAL
TXN32094,1,1381.95,1,0,MEDIUM
TXN32415,1,23005.71,0,0,MEDIUM
TXN32619,1,2826.04,0,0,MEDIUM
TXN32709,1,4152.0,0,0,MEDIUM
TXN33788,1,,1,0,LOW
TXN33964,1,4254.9,0,0,HIGH
TXN34155,1,736.99,1,0,MEDIUM
TXN34179,1,3258.82,1,1,CRITICAL
TXN34198,1,2387.46,1,0,HIGH
TXN34566,1,2696.0,0,0,LOW
TXN35157,1,4673.28,0,1,CRITICAL
TXN35789,1,1813.99,0,0,LOW
TXN36574,1,676.79,0,0,MEDIUM
TXN36584,1,,1,0,HIGH
TXN37348,1,2069.0,1,0,MEDIUM
TXN37497,1,419.0,0,1,CRITICAL
TXN38189,1,754.07,1,0,MEDIUM
TXN38794,1,1144.0,1,0,HIGH
TXN39623,1,935.0,0,1,CRITICAL
TXN40959,1,823.15,1,0,HIGH
TXN41176,1,8162.73,1,0,HIGH
TXN41888,2,6129.18,0,0,HIGH
TXN41980,1,565.73,1,0,HIGH
TXN42233,1,,0,0,HIGH
TXN42287,1,1318.76,0,0,MEDIUM
TXN43861,1,422.31,1,0,HIGH
TXN44508,1,,0,0,HIGH
TXN44609,1,771.44,0,0,MEDIUM
TXN45816,1,2928.28,0,0,HIGH
TXN46623,1,6432.0,1,0,HIGH
TXN47225,1,,1,0,LOW
TXN48192,1,1863.22,1,0,LOW
TXN49297,1,1707.55,1,0,MEDIUM
TXN49383,1,614.57,1,0,LOW
TXN49458,1,12414.63,1,1,CRITICAL
TXN50079,1,2659.07,1,0,LOW
TXN50572,2,,2,2,CRITICAL
TXN51122,1,348.47,0,0,LOW
TXN51555,1,2417.43,0,0,HIGH
TXN51763,1,830.25,1,0,LOW
TXN53543,1,299.18,0,0,LOW
TXN54083,1,664.5,0,0,MEDIUM
TXN54263,1,824.86,0,0,HIGH
TXN55417,1,9306.13,1,0,LOW
TXN56546,1,,1,0,MEDIUM
TXN56695,1,,1,1,CRITICAL
TXN58280,1,834.87,1,0,MEDIUM
TXN58495,1,543.72,0,0,HIGH
TXN58515,1,216.17,1,0,HIGH
TXN59214,1,2012.0,1,0,MEDIUM
TXN59223,2,1804.0,2,0,HIGH
TXN59284,1,1857.0,0,0,MEDIUM
TXN59408,1,8028.0,1,0,HIGH
TXN59954,1,1289.25,0,0,MEDIUM
TXN60420,1,1505.75,1,0,MEDIUM
TXN61071,1,,1,1,CRITICAL
TXN63034,1,3681.27,1,0,HIGH
TXN64529,1,472.0,0,0,MEDIUM
TXN65627,1,,0,0,HIGH
TXN65742,2,940.0,0,0,MEDIUM
TXN66039,1,1372.0,0,0,LOW
TXN66186,1,5546.22,0,0,HIGH
TXN66991,1,1890.93,0,0,LOW
TXN68399,1,562.25,1,0,HIGH
TXN71282,1,4105.21,1,1,CRITICAL
TXN72059,1,1209.0,1,0,MEDIUM
TXN73646,1,7863.78,0,0,HIGH
TXN74121,1,1678.99,1,0,MEDIUM
TXN74133,1,546.0,1,0,MEDIUM
TXN74548,1,,1,0,HIGH
TXN74714,1,2166.47,1,0,HIGH
TXN74852,1,1652.05,1,0,MEDIUM
TXN76059,1,1726.97,1,0,HIGH
TXN76688,1,355.19,0,0,LOW
TXN78658,1,2283.69,0,1,CRITICAL
TXN78938,1,2889.21,0,0,MEDIUM
TXN79001,1,5620.82,0,0,LOW
TXN80108,1,1189.65,1,0,HIGH
TXN81593,1,5676.76,0,0,MEDIUM
TXN81933,1,5283.13,0,0,HIGH
TXN81951,1,3816.43,1,0,MEDIUM
TXN82330,1,2452.3,1,1,CRITICAL
TXN82870,1,543.0,0,0,LOW
TXN83297,1,,1,1,CRITICAL
TXN83913,1,732.0,1,0,HIGH
TXN84117,1,3956.74,0,0,HIGH
TXN84424,1,1535.24,1,0,LOW
TXN84758,1,,1,0,HIGH
TXN84777,1,,1,0,MEDIUM
TXN84920,1,,1,0,MEDIUM
TXN85698,1,551.1,1,0,HIGH
TXN85757,1,585.8,0,1,CRITICAL
TXN86247,1,1425.14,1,0,HIGH
TXN86757,1,1161.24,1,1,CRITICAL
TXN87166,1,2084.49,0,0,MEDIUM
TXN88490,1,4274.13,1,0,HIGH
TXN88540,1,221.01,0,0,HIGH
TXN91289,1,954.04,0,1,CRITICAL
TXN91755,1,3762.83,1,1,CRITICAL
TXN94213,1,,0,0,HIGH
TXN94322,1,2530.5,0,0,MEDIUM
TXN94657,1,2556.0,0,0,HIGH
TXN94670,1,33780.71,1,0,LOW
TXN95066,1,731.0,0,0,MEDIUM
TXN95161,1,4157.35,1,0,LOW
TXN95203,1,3668.05,1,0,HIGH
TXN95920,1,45384.61,0,0,HIGH
TXN96416,1,5544.6,1,0,MEDIUM
TXN96928,1,2456.94,1,0,LOW
TXN97124,1,1596.33,0,0,HIGH
TXN98339,1,194.24,1,0,LOW
TXN98409,1,645.47,1,0,HIGH
TXN99329,1,2454.92,1,0,LOW
TXN99966,1,,1,0,MEDIUM
